<?xml version="1.0" encoding="UTF-8"?>
<gpx xmlns="http://www.topografix.com/GPX/1/1" xmlns:gpxtpx="http://www.garmin.com/xmlschemas/TrackPointExtension/v1" xmlns:xsi="http://www.w3.org/2001/XMLSchema-instance" xsi:schemaLocation="http://www.topografix.com/GPX/1/1 http://www.topografix.com/GPX/1/1/gpx.xsd" version="1.1" creator="gpx.py -- https://github.com/tkrajina/gpxpy">
  <trk>
    <name>gpx from keep</name>
    <type>Run</type>
    <trkseg>
      <trkpt lat="22.511130671706933" lon="113.93960694238021">
        <ele>3.0</ele>
        <time>2026-08-13T11:14:42Z</time>
        <extensions>
          <gpxtpx:TrackPointExtension>
            <gpxtpx:hr>141</gpxtpx:hr>
          </gpxtpx:TrackPointExtension>
        </extensions>
      </trkpt>
      <trkpt lat="22.511029731366648" lon="113.93957598825624">
        <ele>3.0</ele>
        <time>2026-08-13T11:14:45Z</time>
        <extensions>
          <gpxtpx:TrackPointExtension>
            <gpxtpx:hr>140</gpxtpx:hr>
          </gpxtpx:TrackPointExtension>
        </extensions>
      </trkpt>
      <trkpt lat="22.51098271941148" lon="113.93958298231199">
        <ele>3.0</ele>
        <time>2026-08-13T11:14:48Z</time>
        <extensions>
          <gpxtpx:TrackPointExtension>
            <gpxtpx:hr>144</gpxtpx:hr>
          </gpxtpx:TrackPointExtension>
        </extensions>
      </trkpt>
      <trkpt lat="22.5108966359707" lon="113.93962892911613">
        <ele>3.0</ele>
        <time>2026-08-13T11:14:51Z</time>
        <extensions>
          <gpxtpx:TrackPointExtension>
            <gpxtpx:hr>145</gpxtpx:hr>
          </gpxtpx:TrackPointExtension>
        </extensions>
      </trkpt>
      <trkpt lat="22.5108095413176" lon="113.93968086823085">
        <ele>3.0</ele>
        <time>2026-08-13T11:14:54Z</time>
        <extensions>
          <gpxtpx:TrackPointExtension>
            <gpxtpx:hr>148</gpxtpx:hr>
          </gpxtpx:TrackPointExtension>
        </extensions>
      </trkpt>
      <trkpt lat="22.51073245563243" lon="113.93972781300066">
        <ele>3.0</ele>
        <time>2026-08-13T11:14:57Z</time>
        <extensions>
          <gpxtpx:TrackPointExtension>
            <gpxtpx:hr>152</gpxtpx:hr>
          </gpxtpx:TrackPointExtension>
        </extensions>
      </trkpt>
      <trkpt lat="22.510691406298253" lon="113.93975478102712">
        <ele>2.0</ele>
        <time>2026-08-13T11:15:00Z</time>
        <extensions>
          <gpxtpx:TrackPointExtension>
            <gpxtpx:hr>154</gpxtpx:hr>
          </gpxtpx:TrackPointExtension>
        </extensions>
      </trkpt>
      <trkpt lat="22.510627335085168" lon="113.93979373509202">
        <ele>2.0</ele>
        <time>2026-08-13T11:15:03Z</time>
        <extensions>
          <gpxtpx:TrackPointExtension>
            <gpxtpx:hr>154</gpxtpx:hr>
          </gpxtpx:TrackPointExtension>
        </extensions>
      </trkpt>
      <trkpt lat="22.510565260039776" lon="113.93983468639992">
        <ele>2.0</ele>
        <time>2026-08-13T11:15:06Z</time>
        <extensions>
          <gpxtpx:TrackPointExtension>
            <gpxtpx:hr>155</gpxtpx:hr>
          </gpxtpx:TrackPointExtension>
        </extensions>
      </trkpt>
      <trkpt lat="22.51050217935129" lon="113.93987863384449">
        <ele>2.0</ele>
        <time>2026-08-13T11:15:09Z</time>
        <extensions>
          <gpxtpx:TrackPointExtension>
            <gpxtpx:hr>157</gpxtpx:hr>
          </gpxtpx:TrackPointExtension>
        </extensions>
      </trkpt>
      <trkpt lat="22.510465131629413" lon="113.93990460273719">
        <ele>2.0</ele>
        <time>2026-08-13T11:15:12Z</time>
        <extensions>
          <gpxtpx:TrackPointExtension>
            <gpxtpx:hr>156</gpxtpx:hr>
          </gpxtpx:TrackPointExtension>
        </extensions>
      </trkpt>
      <trkpt lat="22.51040505261876" lon="113.93994755115412">
        <ele>2.0</ele>
        <time>2026-08-13T11:15:15Z</time>
        <extensions>
          <gpxtpx:TrackPointExtension>
            <gpxtpx:hr>156</gpxtpx:hr>
          </gpxtpx:TrackPointExtension>
        </extensions>
      </trkpt>
      <trkpt lat="22.510349979035343" lon="113.93998750305016">
        <ele>2.0</ele>
        <time>2026-08-13T11:15:18Z</time>
        <extensions>
          <gpxtpx:TrackPointExtension>
            <gpxtpx:hr>156</gpxtpx:hr>
          </gpxtpx:TrackPointExtension>
        </extensions>
      </trkpt>
      <trkpt lat="22.510302905220687" lon="113.94002745437486">
        <ele>2.0</ele>
        <time>2026-08-13T11:15:21Z</time>
        <extensions>
          <gpxtpx:TrackPointExtension>
            <gpxtpx:hr>157</gpxtpx:hr>
          </gpxtpx:TrackPointExtension>
        </extensions>
      </trkpt>
      <trkpt lat="22.51027786270619" lon="113.94005042622882">
        <ele>2.0</ele>
        <time>2026-08-13T11:15:24Z</time>
        <extensions>
          <gpxtpx:TrackPointExtension>
            <gpxtpx:hr>158</gpxtpx:hr>
          </gpxtpx:TrackPointExtension>
        </extensions>
      </trkpt>
      <trkpt lat="22.510233807455585" lon="113.94008039020385">
        <ele>2.0</ele>
        <time>2026-08-13T11:15:27Z</time>
        <extensions>
          <gpxtpx:TrackPointExtension>
            <gpxtpx:hr>160</gpxtpx:hr>
          </gpxtpx:TrackPointExtension>
        </extensions>
      </trkpt>
      <trkpt lat="22.510185776604803" lon="113.94009737123103">
        <ele>2.0</ele>
        <time>2026-08-13T11:15:30Z</time>
        <extensions>
          <gpxtpx:TrackPointExtension>
            <gpxtpx:hr>161</gpxtpx:hr>
          </gpxtpx:TrackPointExtension>
        </extensions>
      </trkpt>
      <trkpt lat="22.51012674783895" lon="113.94011335423706">
        <ele>2.0</ele>
        <time>2026-08-13T11:15:33Z</time>
        <extensions>
          <gpxtpx:TrackPointExtension>
            <gpxtpx:hr>161</gpxtpx:hr>
          </gpxtpx:TrackPointExtension>
        </extensions>
      </trkpt>
      <trkpt lat="22.51009170732153" lon="113.94013532793821">
        <ele>3.0</ele>
        <time>2026-08-13T11:15:36Z</time>
        <extensions>
          <gpxtpx:TrackPointExtension>
            <gpxtpx:hr>163</gpxtpx:hr>
          </gpxtpx:TrackPointExtension>
        </extensions>
      </trkpt>
      <trkpt lat="22.510040603320512" lon="113.94019125849877">
        <ele>3.0</ele>
        <time>2026-08-13T11:15:39Z</time>
        <extensions>
          <gpxtpx:TrackPointExtension>
            <gpxtpx:hr>165</gpxtpx:hr>
          </gpxtpx:TrackPointExtension>
        </extensions>
      </trkpt>
      <trkpt lat="22.5099984689447" lon="113.94026316754082">
        <ele>3.0</ele>
        <time>2026-08-13T11:15:42Z</time>
        <extensions>
          <gpxtpx:TrackPointExtension>
            <gpxtpx:hr>166</gpxtpx:hr>
          </gpxtpx:TrackPointExtension>
        </extensions>
      </trkpt>
      <trkpt lat="22.509959321129607" lon="113.94034206704761">
        <ele>3.0</ele>
        <time>2026-08-13T11:15:45Z</time>
        <extensions>
          <gpxtpx:TrackPointExtension>
            <gpxtpx:hr>165</gpxtpx:hr>
          </gpxtpx:TrackPointExtension>
        </extensions>
      </trkpt>
      <trkpt lat="22.509935234975" lon="113.94038800849644">
        <ele>3.0</ele>
        <time>2026-08-13T11:15:48Z</time>
        <extensions>
          <gpxtpx:TrackPointExtension>
            <gpxtpx:hr>166</gpxtpx:hr>
          </gpxtpx:TrackPointExtension>
        </extensions>
      </trkpt>
      <trkpt lat="22.50990109233931" lon="113.94046391121273">
        <ele>3.0</ele>
        <time>2026-08-13T11:15:51Z</time>
        <extensions>
          <gpxtpx:TrackPointExtension>
            <gpxtpx:hr>168</gpxtpx:hr>
          </gpxtpx:TrackPointExtension>
        </extensions>
      </trkpt>
      <trkpt lat="22.509870958850883" lon="113.94053482000444">
        <ele>3.0</ele>
        <time>2026-08-13T11:15:54Z</time>
        <extensions>
          <gpxtpx:TrackPointExtension>
            <gpxtpx:hr>168</gpxtpx:hr>
          </gpxtpx:TrackPointExtension>
        </extensions>
      </trkpt>
      <trkpt lat="22.509845821282457" lon="113.94060772564269">
        <ele>3.0</ele>
        <time>2026-08-13T11:15:57Z</time>
        <extensions>
          <gpxtpx:TrackPointExtension>
            <gpxtpx:hr>168</gpxtpx:hr>
          </gpxtpx:TrackPointExtension>
        </extensions>
      </trkpt>
      <trkpt lat="22.509834732500448" lon="113.94065466445203">
        <ele>3.0</ele>
        <time>2026-08-13T11:16:00Z</time>
        <extensions>
          <gpxtpx:TrackPointExtension>
            <gpxtpx:hr>168</gpxtpx:hr>
          </gpxtpx:TrackPointExtension>
        </extensions>
      </trkpt>
      <trkpt lat="22.50981958490823" lon="113.94073256249688">
        <ele>3.0</ele>
        <time>2026-08-13T11:16:03Z</time>
        <extensions>
          <gpxtpx:TrackPointExtension>
            <gpxtpx:hr>167</gpxtpx:hr>
          </gpxtpx:TrackPointExtension>
        </extensions>
      </trkpt>
      <trkpt lat="22.50980743322225" lon="113.94081245745589">
        <ele>3.0</ele>
        <time>2026-08-13T11:16:06Z</time>
        <extensions>
          <gpxtpx:TrackPointExtension>
            <gpxtpx:hr>168</gpxtpx:hr>
          </gpxtpx:TrackPointExtension>
        </extensions>
      </trkpt>
      <trkpt lat="22.509796283175664" lon="113.94089135341835">
        <ele>3.0</ele>
        <time>2026-08-13T11:16:09Z</time>
        <extensions>
          <gpxtpx:TrackPointExtension>
            <gpxtpx:hr>168</gpxtpx:hr>
          </gpxtpx:TrackPointExtension>
        </extensions>
      </trkpt>
      <trkpt lat="22.509789199519748" lon="113.94093529541846">
        <ele>3.0</ele>
        <time>2026-08-13T11:16:12Z</time>
        <extensions>
          <gpxtpx:TrackPointExtension>
            <gpxtpx:hr>168</gpxtpx:hr>
          </gpxtpx:TrackPointExtension>
        </extensions>
      </trkpt>
      <trkpt lat="22.509793050710837" lon="113.94101319136979">
        <ele>3.0</ele>
        <time>2026-08-13T11:16:15Z</time>
        <extensions>
          <gpxtpx:TrackPointExtension>
            <gpxtpx:hr>169</gpxtpx:hr>
          </gpxtpx:TrackPointExtension>
        </extensions>
      </trkpt>
      <trkpt lat="22.509804903421365" lon="113.94109008790363">
        <ele>3.0</ele>
        <time>2026-08-13T11:16:18Z</time>
        <extensions>
          <gpxtpx:TrackPointExtension>
            <gpxtpx:hr>169</gpxtpx:hr>
          </gpxtpx:TrackPointExtension>
        </extensions>
      </trkpt>
      <trkpt lat="22.509816771218098" lon="113.94115899490387">
        <ele>3.0</ele>
        <time>2026-08-13T11:16:21Z</time>
        <extensions>
          <gpxtpx:TrackPointExtension>
            <gpxtpx:hr>168</gpxtpx:hr>
          </gpxtpx:TrackPointExtension>
        </extensions>
      </trkpt>
      <trkpt lat="22.5098256848775" lon="113.94120393407356">
        <ele>3.0</ele>
        <time>2026-08-13T11:16:24Z</time>
        <extensions>
          <gpxtpx:TrackPointExtension>
            <gpxtpx:hr>169</gpxtpx:hr>
          </gpxtpx:TrackPointExtension>
        </extensions>
      </trkpt>
      <trkpt lat="22.50983752359896" lon="113.94128782060734">
        <ele>3.0</ele>
        <time>2026-08-13T11:16:27Z</time>
        <extensions>
          <gpxtpx:TrackPointExtension>
            <gpxtpx:hr>170</gpxtpx:hr>
          </gpxtpx:TrackPointExtension>
        </extensions>
      </trkpt>
      <trkpt lat="22.509841358369666" lon="113.94137370466716">
        <ele>3.0</ele>
        <time>2026-08-13T11:16:30Z</time>
        <extensions>
          <gpxtpx:TrackPointExtension>
            <gpxtpx:hr>169</gpxtpx:hr>
          </gpxtpx:TrackPointExtension>
        </extensions>
      </trkpt>
      <trkpt lat="22.50984120064121" lon="113.94145559408184">
        <ele>3.0</ele>
        <time>2026-08-13T11:16:33Z</time>
        <extensions>
          <gpxtpx:TrackPointExtension>
            <gpxtpx:hr>169</gpxtpx:hr>
          </gpxtpx:TrackPointExtension>
        </extensions>
      </trkpt>
      <trkpt lat="22.509842110101058" lon="113.94150253051181">
        <ele>3.0</ele>
        <time>2026-08-13T11:16:36Z</time>
        <extensions>
          <gpxtpx:TrackPointExtension>
            <gpxtpx:hr>168</gpxtpx:hr>
          </gpxtpx:TrackPointExtension>
        </extensions>
      </trkpt>
      <trkpt lat="22.509840967430943" lon="113.94157643040468">
        <ele>3.0</ele>
        <time>2026-08-13T11:16:39Z</time>
        <extensions>
          <gpxtpx:TrackPointExtension>
            <gpxtpx:hr>168</gpxtpx:hr>
          </gpxtpx:TrackPointExtension>
        </extensions>
      </trkpt>
      <trkpt lat="22.5098248248552" lon="113.94165033102468">
        <ele>3.0</ele>
        <time>2026-08-13T11:16:42Z</time>
        <extensions>
          <gpxtpx:TrackPointExtension>
            <gpxtpx:hr>168</gpxtpx:hr>
          </gpxtpx:TrackPointExtension>
        </extensions>
      </trkpt>
      <trkpt lat="22.5097976726163" lon="113.9417292253131">
        <ele>3.0</ele>
        <time>2026-08-13T11:16:45Z</time>
        <extensions>
          <gpxtpx:TrackPointExtension>
            <gpxtpx:hr>168</gpxtpx:hr>
          </gpxtpx:TrackPointExtension>
        </extensions>
      </trkpt>
      <trkpt lat="22.509780583887576" lon="113.94177516372449">
        <ele>3.0</ele>
        <time>2026-08-13T11:16:48Z</time>
        <extensions>
          <gpxtpx:TrackPointExtension>
            <gpxtpx:hr>168</gpxtpx:hr>
          </gpxtpx:TrackPointExtension>
        </extensions>
      </trkpt>
      <trkpt lat="22.509754448714464" lon="113.9418450698475">
        <ele>3.0</ele>
        <time>2026-08-13T11:16:51Z</time>
        <extensions>
          <gpxtpx:TrackPointExtension>
            <gpxtpx:hr>168</gpxtpx:hr>
          </gpxtpx:TrackPointExtension>
        </extensions>
      </trkpt>
      <trkpt lat="22.509713315597388" lon="113.9419139780904">
        <ele>3.0</ele>
        <time>2026-08-13T11:16:54Z</time>
        <extensions>
          <gpxtpx:TrackPointExtension>
            <gpxtpx:hr>168</gpxtpx:hr>
          </gpxtpx:TrackPointExtension>
        </extensions>
      </trkpt>
      <trkpt lat="22.509674174478956" lon="113.94198688052906">
        <ele>3.0</ele>
        <time>2026-08-13T11:16:57Z</time>
        <extensions>
          <gpxtpx:TrackPointExtension>
            <gpxtpx:hr>168</gpxtpx:hr>
          </gpxtpx:TrackPointExtension>
        </extensions>
      </trkpt>
      <trkpt lat="22.509658087227713" lon="113.94203181977353">
        <ele>3.0</ele>
        <time>2026-08-13T11:17:00Z</time>
        <extensions>
          <gpxtpx:TrackPointExtension>
            <gpxtpx:hr>168</gpxtpx:hr>
          </gpxtpx:TrackPointExtension>
        </extensions>
      </trkpt>
      <trkpt lat="22.509635933747806" lon="113.94211071253235">
        <ele>3.0</ele>
        <time>2026-08-13T11:17:03Z</time>
        <extensions>
          <gpxtpx:TrackPointExtension>
            <gpxtpx:hr>168</gpxtpx:hr>
          </gpxtpx:TrackPointExtension>
        </extensions>
      </trkpt>
      <trkpt lat="22.50961776433057" lon="113.94219759374805">
        <ele>3.0</ele>
        <time>2026-08-13T11:17:06Z</time>
        <extensions>
          <gpxtpx:TrackPointExtension>
            <gpxtpx:hr>169</gpxtpx:hr>
          </gpxtpx:TrackPointExtension>
        </extensions>
      </trkpt>
      <trkpt lat="22.50960160241452" lon="113.94228048006835">
        <ele>3.0</ele>
        <time>2026-08-13T11:17:09Z</time>
        <extensions>
          <gpxtpx:TrackPointExtension>
            <gpxtpx:hr>170</gpxtpx:hr>
          </gpxtpx:TrackPointExtension>
        </extensions>
      </trkpt>
      <trkpt lat="22.509593508633618" lon="113.94232841412082">
        <ele>3.0</ele>
        <time>2026-08-13T11:17:12Z</time>
        <extensions>
          <gpxtpx:TrackPointExtension>
            <gpxtpx:hr>171</gpxtpx:hr>
          </gpxtpx:TrackPointExtension>
        </extensions>
      </trkpt>
      <trkpt lat="22.509585363800003" lon="113.94240231199726">
        <ele>3.0</ele>
        <time>2026-08-13T11:17:15Z</time>
        <extensions>
          <gpxtpx:TrackPointExtension>
            <gpxtpx:hr>171</gpxtpx:hr>
          </gpxtpx:TrackPointExtension>
        </extensions>
      </trkpt>
      <trkpt lat="22.509576232524832" lon="113.94246921945634">
        <ele>3.0</ele>
        <time>2026-08-13T11:17:18Z</time>
        <extensions>
          <gpxtpx:TrackPointExtension>
            <gpxtpx:hr>171</gpxtpx:hr>
          </gpxtpx:TrackPointExtension>
        </extensions>
      </trkpt>
      <trkpt lat="22.5095661148608" lon="113.94252913655441">
        <ele>3.0</ele>
        <time>2026-08-13T11:17:21Z</time>
        <extensions>
          <gpxtpx:TrackPointExtension>
            <gpxtpx:hr>171</gpxtpx:hr>
          </gpxtpx:TrackPointExtension>
        </extensions>
      </trkpt>
      <trkpt lat="22.5095620382577" lon="113.9425680824331">
        <ele>3.0</ele>
        <time>2026-08-13T11:17:24Z</time>
        <extensions>
          <gpxtpx:TrackPointExtension>
            <gpxtpx:hr>171</gpxtpx:hr>
          </gpxtpx:TrackPointExtension>
        </extensions>
      </trkpt>
      <trkpt lat="22.509562884703683" lon="113.94264597343954">
        <ele>3.0</ele>
        <time>2026-08-13T11:17:27Z</time>
        <extensions>
          <gpxtpx:TrackPointExtension>
            <gpxtpx:hr>171</gpxtpx:hr>
          </gpxtpx:TrackPointExtension>
        </extensions>
      </trkpt>
      <trkpt lat="22.509573726779884" lon="113.94272586076886">
        <ele>3.0</ele>
        <time>2026-08-13T11:17:30Z</time>
        <extensions>
          <gpxtpx:TrackPointExtension>
            <gpxtpx:hr>172</gpxtpx:hr>
          </gpxtpx:TrackPointExtension>
        </extensions>
      </trkpt>
      <trkpt lat="22.509585588353957" lon="113.9427957618229">
        <ele>3.0</ele>
        <time>2026-08-13T11:17:33Z</time>
        <extensions>
          <gpxtpx:TrackPointExtension>
            <gpxtpx:hr>172</gpxtpx:hr>
          </gpxtpx:TrackPointExtension>
        </extensions>
      </trkpt>
      <trkpt lat="22.509591509188404" lon="113.94283570524904">
        <ele>3.0</ele>
        <time>2026-08-13T11:17:36Z</time>
        <extensions>
          <gpxtpx:TrackPointExtension>
            <gpxtpx:hr>174</gpxtpx:hr>
          </gpxtpx:TrackPointExtension>
        </extensions>
      </trkpt>
      <trkpt lat="22.50960437639433" lon="113.94290261015887">
        <ele>3.0</ele>
        <time>2026-08-13T11:17:39Z</time>
        <extensions>
          <gpxtpx:TrackPointExtension>
            <gpxtpx:hr>175</gpxtpx:hr>
          </gpxtpx:TrackPointExtension>
        </extensions>
      </trkpt>
      <trkpt lat="22.50961923546571" lon="113.94297350911974">
        <ele>3.0</ele>
        <time>2026-08-13T11:17:42Z</time>
        <extensions>
          <gpxtpx:TrackPointExtension>
            <gpxtpx:hr>174</gpxtpx:hr>
          </gpxtpx:TrackPointExtension>
        </extensions>
      </trkpt>
      <trkpt lat="22.50963208843506" lon="113.943047403765">
        <ele>3.0</ele>
        <time>2026-08-13T11:17:45Z</time>
        <extensions>
          <gpxtpx:TrackPointExtension>
            <gpxtpx:hr>172</gpxtpx:hr>
          </gpxtpx:TrackPointExtension>
        </extensions>
      </trkpt>
      <trkpt lat="22.509640000909656" lon="113.94309134100162">
        <ele>3.0</ele>
        <time>2026-08-13T11:17:48Z</time>
        <extensions>
          <gpxtpx:TrackPointExtension>
            <gpxtpx:hr>171</gpxtpx:hr>
          </gpxtpx:TrackPointExtension>
        </extensions>
      </trkpt>
      <trkpt lat="22.50966385930373" lon="113.9431622388614">
        <ele>3.0</ele>
        <time>2026-08-13T11:17:51Z</time>
        <extensions>
          <gpxtpx:TrackPointExtension>
            <gpxtpx:hr>170</gpxtpx:hr>
          </gpxtpx:TrackPointExtension>
        </extensions>
      </trkpt>
      <trkpt lat="22.5096967173312" lon="113.94323313595257">
        <ele>3.0</ele>
        <time>2026-08-13T11:17:54Z</time>
        <extensions>
          <gpxtpx:TrackPointExtension>
            <gpxtpx:hr>167</gpxtpx:hr>
          </gpxtpx:TrackPointExtension>
        </extensions>
      </trkpt>
      <trkpt lat="22.50973959291837" lon="113.94329504502862">
        <ele>3.0</ele>
        <time>2026-08-13T11:17:57Z</time>
        <extensions>
          <gpxtpx:TrackPointExtension>
            <gpxtpx:hr>167</gpxtpx:hr>
          </gpxtpx:TrackPointExtension>
        </extensions>
      </trkpt>
      <trkpt lat="22.50976852053164" lon="113.94333099190936">
        <ele>3.0</ele>
        <time>2026-08-13T11:18:00Z</time>
        <extensions>
          <gpxtpx:TrackPointExtension>
            <gpxtpx:hr>168</gpxtpx:hr>
          </gpxtpx:TrackPointExtension>
        </extensions>
      </trkpt>
      <trkpt lat="22.509820399704576" lon="113.94339090303167">
        <ele>3.0</ele>
        <time>2026-08-13T11:18:03Z</time>
        <extensions>
          <gpxtpx:TrackPointExtension>
            <gpxtpx:hr>168</gpxtpx:hr>
          </gpxtpx:TrackPointExtension>
        </extensions>
      </trkpt>
      <trkpt lat="22.50987228474001" lon="113.94344781830179">
        <ele>3.0</ele>
        <time>2026-08-13T11:18:06Z</time>
        <extensions>
          <gpxtpx:TrackPointExtension>
            <gpxtpx:hr>168</gpxtpx:hr>
          </gpxtpx:TrackPointExtension>
        </extensions>
      </trkpt>
      <trkpt lat="22.509920175737808" lon="113.94350173799302">
        <ele>3.0</ele>
        <time>2026-08-13T11:18:09Z</time>
        <extensions>
          <gpxtpx:TrackPointExtension>
            <gpxtpx:hr>168</gpxtpx:hr>
          </gpxtpx:TrackPointExtension>
        </extensions>
      </trkpt>
      <trkpt lat="22.50995011106022" lon="113.94353369025">
        <ele>3.0</ele>
        <time>2026-08-13T11:18:12Z</time>
        <extensions>
          <gpxtpx:TrackPointExtension>
            <gpxtpx:hr>169</gpxtpx:hr>
          </gpxtpx:TrackPointExtension>
        </extensions>
      </trkpt>
      <trkpt lat="22.51000000986005" lon="113.94358361537319">
        <ele>3.0</ele>
        <time>2026-08-13T11:18:15Z</time>
        <extensions>
          <gpxtpx:TrackPointExtension>
            <gpxtpx:hr>170</gpxtpx:hr>
          </gpxtpx:TrackPointExtension>
        </extensions>
      </trkpt>
      <trkpt lat="22.510045906639462" lon="113.94363453921355">
        <ele>3.0</ele>
        <time>2026-08-13T11:18:18Z</time>
        <extensions>
          <gpxtpx:TrackPointExtension>
            <gpxtpx:hr>170</gpxtpx:hr>
          </gpxtpx:TrackPointExtension>
        </extensions>
      </trkpt>
      <trkpt lat="22.510090787272382" lon="113.94369345149914">
        <ele>3.0</ele>
        <time>2026-08-13T11:18:21Z</time>
        <extensions>
          <gpxtpx:TrackPointExtension>
            <gpxtpx:hr>170</gpxtpx:hr>
          </gpxtpx:TrackPointExtension>
        </extensions>
      </trkpt>
      <trkpt lat="22.51011671440384" lon="113.94372939800341">
        <ele>3.0</ele>
        <time>2026-08-13T11:18:24Z</time>
        <extensions>
          <gpxtpx:TrackPointExtension>
            <gpxtpx:hr>170</gpxtpx:hr>
          </gpxtpx:TrackPointExtension>
        </extensions>
      </trkpt>
      <trkpt lat="22.510155586900503" lon="113.94379230467437">
        <ele>3.0</ele>
        <time>2026-08-13T11:18:27Z</time>
        <extensions>
          <gpxtpx:TrackPointExtension>
            <gpxtpx:hr>170</gpxtpx:hr>
          </gpxtpx:TrackPointExtension>
        </extensions>
      </trkpt>
      <trkpt lat="22.510190453287528" lon="113.94385820710434">
        <ele>3.0</ele>
        <time>2026-08-13T11:18:30Z</time>
        <extensions>
          <gpxtpx:TrackPointExtension>
            <gpxtpx:hr>171</gpxtpx:hr>
          </gpxtpx:TrackPointExtension>
        </extensions>
      </trkpt>
      <trkpt lat="22.510221319595498" lon="113.94392410961638">
        <ele>3.0</ele>
        <time>2026-08-13T11:18:33Z</time>
        <extensions>
          <gpxtpx:TrackPointExtension>
            <gpxtpx:hr>171</gpxtpx:hr>
          </gpxtpx:TrackPointExtension>
        </extensions>
      </trkpt>
      <trkpt lat="22.51023324065032" lon="113.94396305232915">
        <ele>3.0</ele>
        <time>2026-08-13T11:18:36Z</time>
        <extensions>
          <gpxtpx:TrackPointExtension>
            <gpxtpx:hr>172</gpxtpx:hr>
          </gpxtpx:TrackPointExtension>
        </extensions>
      </trkpt>
      <trkpt lat="22.510245105073864" lon="113.94402995431841">
        <ele>3.0</ele>
        <time>2026-08-13T11:18:39Z</time>
        <extensions>
          <gpxtpx:TrackPointExtension>
            <gpxtpx:hr>172</gpxtpx:hr>
          </gpxtpx:TrackPointExtension>
        </extensions>
      </trkpt>
      <trkpt lat="22.510254959256137" lon="113.94410184898071">
        <ele>3.0</ele>
        <time>2026-08-13T11:18:42Z</time>
        <extensions>
          <gpxtpx:TrackPointExtension>
            <gpxtpx:hr>172</gpxtpx:hr>
          </gpxtpx:TrackPointExtension>
        </extensions>
      </trkpt>
      <trkpt lat="22.51025980524635" lon="113.94417773792242">
        <ele>3.0</ele>
        <time>2026-08-13T11:18:45Z</time>
        <extensions>
          <gpxtpx:TrackPointExtension>
            <gpxtpx:hr>172</gpxtpx:hr>
          </gpxtpx:TrackPointExtension>
        </extensions>
      </trkpt>
      <trkpt lat="22.510256710023672" lon="113.94422466951401">
        <ele>3.0</ele>
        <time>2026-08-13T11:18:48Z</time>
        <extensions>
          <gpxtpx:TrackPointExtension>
            <gpxtpx:hr>173</gpxtpx:hr>
          </gpxtpx:TrackPointExtension>
        </extensions>
      </trkpt>
      <trkpt lat="22.510232552209096" lon="113.94430255699793">
        <ele>3.0</ele>
        <time>2026-08-13T11:18:51Z</time>
        <extensions>
          <gpxtpx:TrackPointExtension>
            <gpxtpx:hr>172</gpxtpx:hr>
          </gpxtpx:TrackPointExtension>
        </extensions>
      </trkpt>
      <trkpt lat="22.510200404505465" lon="113.94437545208284">
        <ele>3.0</ele>
        <time>2026-08-13T11:18:54Z</time>
        <extensions>
          <gpxtpx:TrackPointExtension>
            <gpxtpx:hr>173</gpxtpx:hr>
          </gpxtpx:TrackPointExtension>
        </extensions>
      </trkpt>
      <trkpt lat="22.51017326668486" lon="113.94444335398943">
        <ele>3.0</ele>
        <time>2026-08-13T11:18:57Z</time>
        <extensions>
          <gpxtpx:TrackPointExtension>
            <gpxtpx:hr>174</gpxtpx:hr>
          </gpxtpx:TrackPointExtension>
        </extensions>
      </trkpt>
      <trkpt lat="22.510160185475623" lon="113.94448329602109">
        <ele>3.0</ele>
        <time>2026-08-13T11:19:00Z</time>
        <extensions>
          <gpxtpx:TrackPointExtension>
            <gpxtpx:hr>173</gpxtpx:hr>
          </gpxtpx:TrackPointExtension>
        </extensions>
      </trkpt>
      <trkpt lat="22.51014204516158" lon="113.94455219559964">
        <ele>3.0</ele>
        <time>2026-08-13T11:19:03Z</time>
        <extensions>
          <gpxtpx:TrackPointExtension>
            <gpxtpx:hr>174</gpxtpx:hr>
          </gpxtpx:TrackPointExtension>
        </extensions>
      </trkpt>
      <trkpt lat="22.5101309024879" lon="113.9446220930746">
        <ele>3.0</ele>
        <time>2026-08-13T11:19:06Z</time>
        <extensions>
          <gpxtpx:TrackPointExtension>
            <gpxtpx:hr>174</gpxtpx:hr>
          </gpxtpx:TrackPointExtension>
        </extensions>
      </trkpt>
      <trkpt lat="22.510124753397807" lon="113.94469498560697">
        <ele>3.0</ele>
        <time>2026-08-13T11:19:09Z</time>
        <extensions>
          <gpxtpx:TrackPointExtension>
            <gpxtpx:hr>175</gpxtpx:hr>
          </gpxtpx:TrackPointExtension>
        </extensions>
      </trkpt>
      <trkpt lat="22.51012166138226" lon="113.94473991921267">
        <ele>3.0</ele>
        <time>2026-08-13T11:19:12Z</time>
        <extensions>
          <gpxtpx:TrackPointExtension>
            <gpxtpx:hr>175</gpxtpx:hr>
          </gpxtpx:TrackPointExtension>
        </extensions>
      </trkpt>
      <trkpt lat="22.510120511877204" lon="113.94481281109488">
        <ele>3.0</ele>
        <time>2026-08-13T11:19:15Z</time>
        <extensions>
          <gpxtpx:TrackPointExtension>
            <gpxtpx:hr>175</gpxtpx:hr>
          </gpxtpx:TrackPointExtension>
        </extensions>
      </trkpt>
      <trkpt lat="22.5101253600039" lon="113.9448867009051">
        <ele>3.0</ele>
        <time>2026-08-13T11:19:18Z</time>
        <extensions>
          <gpxtpx:TrackPointExtension>
            <gpxtpx:hr>174</gpxtpx:hr>
          </gpxtpx:TrackPointExtension>
        </extensions>
      </trkpt>
      <trkpt lat="22.51013419963019" lon="113.94496458429393">
        <ele>3.0</ele>
        <time>2026-08-13T11:19:21Z</time>
        <extensions>
          <gpxtpx:TrackPointExtension>
            <gpxtpx:hr>175</gpxtpx:hr>
          </gpxtpx:TrackPointExtension>
        </extensions>
      </trkpt>
      <trkpt lat="22.510142100778793" lon="113.94501251226066">
        <ele>3.0</ele>
        <time>2026-08-13T11:19:24Z</time>
        <extensions>
          <gpxtpx:TrackPointExtension>
            <gpxtpx:hr>175</gpxtpx:hr>
          </gpxtpx:TrackPointExtension>
        </extensions>
      </trkpt>
      <trkpt lat="22.51015893988545" lon="113.94509039476388">
        <ele>3.0</ele>
        <time>2026-08-13T11:19:27Z</time>
        <extensions>
          <gpxtpx:TrackPointExtension>
            <gpxtpx:hr>173</gpxtpx:hr>
          </gpxtpx:TrackPointExtension>
        </extensions>
      </trkpt>
      <trkpt lat="22.510182793064725" lon="113.94516128706837">
        <ele>3.0</ele>
        <time>2026-08-13T11:19:30Z</time>
        <extensions>
          <gpxtpx:TrackPointExtension>
            <gpxtpx:hr>173</gpxtpx:hr>
          </gpxtpx:TrackPointExtension>
        </extensions>
      </trkpt>
      <trkpt lat="22.510212662455046" lon="113.94522419079432">
        <ele>3.0</ele>
        <time>2026-08-13T11:19:33Z</time>
        <extensions>
          <gpxtpx:TrackPointExtension>
            <gpxtpx:hr>172</gpxtpx:hr>
          </gpxtpx:TrackPointExtension>
        </extensions>
      </trkpt>
      <trkpt lat="22.510236591746256" lon="113.9452581382794">
        <ele>3.0</ele>
        <time>2026-08-13T11:19:36Z</time>
        <extensions>
          <gpxtpx:TrackPointExtension>
            <gpxtpx:hr>172</gpxtpx:hr>
          </gpxtpx:TrackPointExtension>
        </extensions>
      </trkpt>
      <trkpt lat="22.510278479276604" lon="113.94531205453632">
        <ele>3.0</ele>
        <time>2026-08-13T11:19:39Z</time>
        <extensions>
          <gpxtpx:TrackPointExtension>
            <gpxtpx:hr>173</gpxtpx:hr>
          </gpxtpx:TrackPointExtension>
        </extensions>
      </trkpt>
      <trkpt lat="22.510326368644762" lon="113.94536497180621">
        <ele>3.0</ele>
        <time>2026-08-13T11:19:42Z</time>
        <extensions>
          <gpxtpx:TrackPointExtension>
            <gpxtpx:hr>172</gpxtpx:hr>
          </gpxtpx:TrackPointExtension>
        </extensions>
      </trkpt>
      <trkpt lat="22.510377266132025" lon="113.94541389480491">
        <ele>3.0</ele>
        <time>2026-08-13T11:19:45Z</time>
        <extensions>
          <gpxtpx:TrackPointExtension>
            <gpxtpx:hr>172</gpxtpx:hr>
          </gpxtpx:TrackPointExtension>
        </extensions>
      </trkpt>
      <trkpt lat="22.510410217793815" lon="113.94543685805644">
        <ele>3.0</ele>
        <time>2026-08-13T11:19:48Z</time>
        <extensions>
          <gpxtpx:TrackPointExtension>
            <gpxtpx:hr>172</gpxtpx:hr>
          </gpxtpx:TrackPointExtension>
        </extensions>
      </trkpt>
      <trkpt lat="22.510473164661136" lon="113.94546181637317">
        <ele>3.0</ele>
        <time>2026-08-13T11:19:51Z</time>
        <extensions>
          <gpxtpx:TrackPointExtension>
            <gpxtpx:hr>172</gpxtpx:hr>
          </gpxtpx:TrackPointExtension>
        </extensions>
      </trkpt>
      <trkpt lat="22.510541134206903" lon="113.94547579095027">
        <ele>3.0</ele>
        <time>2026-08-13T11:19:54Z</time>
        <extensions>
          <gpxtpx:TrackPointExtension>
            <gpxtpx:hr>172</gpxtpx:hr>
          </gpxtpx:TrackPointExtension>
        </extensions>
      </trkpt>
      <trkpt lat="22.51061012445722" lon="113.94547978054938">
        <ele>3.0</ele>
        <time>2026-08-13T11:19:57Z</time>
        <extensions>
          <gpxtpx:TrackPointExtension>
            <gpxtpx:hr>172</gpxtpx:hr>
          </gpxtpx:TrackPointExtension>
        </extensions>
      </trkpt>
      <trkpt lat="22.51065212149465" lon="113.94548077638343">
        <ele>3.0</ele>
        <time>2026-08-13T11:20:00Z</time>
        <extensions>
          <gpxtpx:TrackPointExtension>
            <gpxtpx:hr>172</gpxtpx:hr>
          </gpxtpx:TrackPointExtension>
        </extensions>
      </trkpt>
      <trkpt lat="22.510725109574985" lon="113.94548576421941">
        <ele>3.0</ele>
        <time>2026-08-13T11:20:03Z</time>
        <extensions>
          <gpxtpx:TrackPointExtension>
            <gpxtpx:hr>172</gpxtpx:hr>
          </gpxtpx:TrackPointExtension>
        </extensions>
      </trkpt>
      <trkpt lat="22.510798087276346" lon="113.94549574450635">
        <ele>3.0</ele>
        <time>2026-08-13T11:20:06Z</time>
        <extensions>
          <gpxtpx:TrackPointExtension>
            <gpxtpx:hr>171</gpxtpx:hr>
          </gpxtpx:TrackPointExtension>
        </extensions>
      </trkpt>
      <trkpt lat="22.510870064988488" lon="113.94550572485268">
        <ele>3.0</ele>
        <time>2026-08-13T11:20:09Z</time>
        <extensions>
          <gpxtpx:TrackPointExtension>
            <gpxtpx:hr>171</gpxtpx:hr>
          </gpxtpx:TrackPointExtension>
        </extensions>
      </trkpt>
      <trkpt lat="22.51091305368988" lon="113.94551071458159">
        <ele>3.0</ele>
        <time>2026-08-13T11:20:12Z</time>
        <extensions>
          <gpxtpx:TrackPointExtension>
            <gpxtpx:hr>171</gpxtpx:hr>
          </gpxtpx:TrackPointExtension>
        </extensions>
      </trkpt>
      <trkpt lat="22.510984033482398" lon="113.94551969649605">
        <ele>3.0</ele>
        <time>2026-08-13T11:20:15Z</time>
        <extensions>
          <gpxtpx:TrackPointExtension>
            <gpxtpx:hr>171</gpxtpx:hr>
          </gpxtpx:TrackPointExtension>
        </extensions>
      </trkpt>
      <trkpt lat="22.51105500496313" lon="113.94553267236314">
        <ele>3.0</ele>
        <time>2026-08-13T11:20:18Z</time>
        <extensions>
          <gpxtpx:TrackPointExtension>
            <gpxtpx:hr>170</gpxtpx:hr>
          </gpxtpx:TrackPointExtension>
        </extensions>
      </trkpt>
      <trkpt lat="22.511125963973967" lon="113.94555163915325">
        <ele>3.0</ele>
        <time>2026-08-13T11:20:21Z</time>
        <extensions>
          <gpxtpx:TrackPointExtension>
            <gpxtpx:hr>169</gpxtpx:hr>
          </gpxtpx:TrackPointExtension>
        </extensions>
      </trkpt>
      <trkpt lat="22.511167938138126" lon="113.94556361835123">
        <ele>2.0</ele>
        <time>2026-08-13T11:20:24Z</time>
        <extensions>
          <gpxtpx:TrackPointExtension>
            <gpxtpx:hr>172</gpxtpx:hr>
          </gpxtpx:TrackPointExtension>
        </extensions>
      </trkpt>
      <trkpt lat="22.511233893072113" lon="113.94558458240886">
        <ele>2.0</ele>
        <time>2026-08-13T11:20:27Z</time>
        <extensions>
          <gpxtpx:TrackPointExtension>
            <gpxtpx:hr>173</gpxtpx:hr>
          </gpxtpx:TrackPointExtension>
        </extensions>
      </trkpt>
      <trkpt lat="22.51130085835312" lon="113.94560055395544">
        <ele>2.0</ele>
        <time>2026-08-13T11:20:30Z</time>
        <extensions>
          <gpxtpx:TrackPointExtension>
            <gpxtpx:hr>175</gpxtpx:hr>
          </gpxtpx:TrackPointExtension>
        </extensions>
      </trkpt>
      <trkpt lat="22.51136882359682" lon="113.94561652542893">
        <ele>2.0</ele>
        <time>2026-08-13T11:20:33Z</time>
        <extensions>
          <gpxtpx:TrackPointExtension>
            <gpxtpx:hr>175</gpxtpx:hr>
          </gpxtpx:TrackPointExtension>
        </extensions>
      </trkpt>
      <trkpt lat="22.51141279975404" lon="113.94562750598523">
        <ele>2.0</ele>
        <time>2026-08-13T11:20:36Z</time>
        <extensions>
          <gpxtpx:TrackPointExtension>
            <gpxtpx:hr>174</gpxtpx:hr>
          </gpxtpx:TrackPointExtension>
        </extensions>
      </trkpt>
      <trkpt lat="22.51148575238242" lon="113.9456494680328">
        <ele>2.0</ele>
        <time>2026-08-13T11:20:39Z</time>
        <extensions>
          <gpxtpx:TrackPointExtension>
            <gpxtpx:hr>174</gpxtpx:hr>
          </gpxtpx:TrackPointExtension>
        </extensions>
      </trkpt>
      <trkpt lat="22.511556696708514" lon="113.94567542412217">
        <ele>2.0</ele>
        <time>2026-08-13T11:20:42Z</time>
        <extensions>
          <gpxtpx:TrackPointExtension>
            <gpxtpx:hr>173</gpxtpx:hr>
          </gpxtpx:TrackPointExtension>
        </extensions>
      </trkpt>
      <trkpt lat="22.511624634825992" lon="113.94570437582243">
        <ele>2.0</ele>
        <time>2026-08-13T11:20:45Z</time>
        <extensions>
          <gpxtpx:TrackPointExtension>
            <gpxtpx:hr>173</gpxtpx:hr>
          </gpxtpx:TrackPointExtension>
        </extensions>
      </trkpt>
      <trkpt lat="22.51166460061243" lon="113.94572034900344">
        <ele>2.0</ele>
        <time>2026-08-13T11:20:48Z</time>
        <extensions>
          <gpxtpx:TrackPointExtension>
            <gpxtpx:hr>172</gpxtpx:hr>
          </gpxtpx:TrackPointExtension>
        </extensions>
      </trkpt>
      <trkpt lat="22.51172753253626" lon="113.94575229641154">
        <ele>2.0</ele>
        <time>2026-08-13T11:20:51Z</time>
        <extensions>
          <gpxtpx:TrackPointExtension>
            <gpxtpx:hr>173</gpxtpx:hr>
          </gpxtpx:TrackPointExtension>
        </extensions>
      </trkpt>
      <trkpt lat="22.511787451977863" lon="113.94579023484489">
        <ele>2.0</ele>
        <time>2026-08-13T11:20:54Z</time>
        <extensions>
          <gpxtpx:TrackPointExtension>
            <gpxtpx:hr>173</gpxtpx:hr>
          </gpxtpx:TrackPointExtension>
        </extensions>
      </trkpt>
      <trkpt lat="22.511847367190573" lon="113.94583017017803">
        <ele>2.0</ele>
        <time>2026-08-13T11:20:57Z</time>
        <extensions>
          <gpxtpx:TrackPointExtension>
            <gpxtpx:hr>173</gpxtpx:hr>
          </gpxtpx:TrackPointExtension>
        </extensions>
      </trkpt>
      <trkpt lat="22.511883314201306" lon="113.94585512982508">
        <ele>2.0</ele>
        <time>2026-08-13T11:21:00Z</time>
        <extensions>
          <gpxtpx:TrackPointExtension>
            <gpxtpx:hr>173</gpxtpx:hr>
          </gpxtpx:TrackPointExtension>
        </extensions>
      </trkpt>
      <trkpt lat="22.5119392126952" lon="113.94590305311058">
        <ele>2.0</ele>
        <time>2026-08-13T11:21:03Z</time>
        <extensions>
          <gpxtpx:TrackPointExtension>
            <gpxtpx:hr>173</gpxtpx:hr>
          </gpxtpx:TrackPointExtension>
        </extensions>
      </trkpt>
      <trkpt lat="22.51198909660554" lon="113.94595796599678">
        <ele>2.0</ele>
        <time>2026-08-13T11:21:06Z</time>
        <extensions>
          <gpxtpx:TrackPointExtension>
            <gpxtpx:hr>173</gpxtpx:hr>
          </gpxtpx:TrackPointExtension>
        </extensions>
      </trkpt>
      <trkpt lat="22.51203897412612" lon="113.94601587417894">
        <ele>2.0</ele>
        <time>2026-08-13T11:21:09Z</time>
        <extensions>
          <gpxtpx:TrackPointExtension>
            <gpxtpx:hr>173</gpxtpx:hr>
          </gpxtpx:TrackPointExtension>
        </extensions>
      </trkpt>
      <trkpt lat="22.512068902254654" lon="113.94604982025147">
        <ele>2.0</ele>
        <time>2026-08-13T11:21:12Z</time>
        <extensions>
          <gpxtpx:TrackPointExtension>
            <gpxtpx:hr>173</gpxtpx:hr>
          </gpxtpx:TrackPointExtension>
        </extensions>
      </trkpt>
      <trkpt lat="22.512115779649307" lon="113.94610772842024">
        <ele>2.0</ele>
        <time>2026-08-13T11:21:15Z</time>
        <extensions>
          <gpxtpx:TrackPointExtension>
            <gpxtpx:hr>172</gpxtpx:hr>
          </gpxtpx:TrackPointExtension>
        </extensions>
      </trkpt>
      <trkpt lat="22.512154646615265" lon="113.9461706292901">
        <ele>2.0</ele>
        <time>2026-08-13T11:21:18Z</time>
        <extensions>
          <gpxtpx:TrackPointExtension>
            <gpxtpx:hr>172</gpxtpx:hr>
          </gpxtpx:TrackPointExtension>
        </extensions>
      </trkpt>
      <trkpt lat="22.512189507228957" lon="113.9462365256483">
        <ele>2.0</ele>
        <time>2026-08-13T11:21:21Z</time>
        <extensions>
          <gpxtpx:TrackPointExtension>
            <gpxtpx:hr>172</gpxtpx:hr>
          </gpxtpx:TrackPointExtension>
        </extensions>
      </trkpt>
      <trkpt lat="22.51221042057905" lon="113.94627746122848">
        <ele>2.0</ele>
        <time>2026-08-13T11:21:24Z</time>
        <extensions>
          <gpxtpx:TrackPointExtension>
            <gpxtpx:hr>173</gpxtpx:hr>
          </gpxtpx:TrackPointExtension>
        </extensions>
      </trkpt>
      <trkpt lat="22.51224327256752" lon="113.94634735127661">
        <ele>2.0</ele>
        <time>2026-08-13T11:21:27Z</time>
        <extensions>
          <gpxtpx:TrackPointExtension>
            <gpxtpx:hr>173</gpxtpx:hr>
          </gpxtpx:TrackPointExtension>
        </extensions>
      </trkpt>
      <trkpt lat="22.51227111185383" lon="113.94642323218541">
        <ele>2.0</ele>
        <time>2026-08-13T11:21:30Z</time>
        <extensions>
          <gpxtpx:TrackPointExtension>
            <gpxtpx:hr>173</gpxtpx:hr>
          </gpxtpx:TrackPointExtension>
        </extensions>
      </trkpt>
      <trkpt lat="22.51229194898815" lon="113.9465001117705">
        <ele>2.0</ele>
        <time>2026-08-13T11:21:33Z</time>
        <extensions>
          <gpxtpx:TrackPointExtension>
            <gpxtpx:hr>173</gpxtpx:hr>
          </gpxtpx:TrackPointExtension>
        </extensions>
      </trkpt>
      <trkpt lat="22.512301851650964" lon="113.94654603988843">
        <ele>3.0</ele>
        <time>2026-08-13T11:21:36Z</time>
        <extensions>
          <gpxtpx:TrackPointExtension>
            <gpxtpx:hr>174</gpxtpx:hr>
          </gpxtpx:TrackPointExtension>
        </extensions>
      </trkpt>
      <trkpt lat="22.51231369288915" lon="113.94662092279037">
        <ele>3.0</ele>
        <time>2026-08-13T11:21:39Z</time>
        <extensions>
          <gpxtpx:TrackPointExtension>
            <gpxtpx:hr>174</gpxtpx:hr>
          </gpxtpx:TrackPointExtension>
        </extensions>
      </trkpt>
      <trkpt lat="22.51232352974122" lon="113.94669780249568">
        <ele>3.0</ele>
        <time>2026-08-13T11:21:42Z</time>
        <extensions>
          <gpxtpx:TrackPointExtension>
            <gpxtpx:hr>174</gpxtpx:hr>
          </gpxtpx:TrackPointExtension>
        </extensions>
      </trkpt>
      <trkpt lat="22.5123333642642" lon="113.94677568041911">
        <ele>3.0</ele>
        <time>2026-08-13T11:21:45Z</time>
        <extensions>
          <gpxtpx:TrackPointExtension>
            <gpxtpx:hr>175</gpxtpx:hr>
          </gpxtpx:TrackPointExtension>
        </extensions>
      </trkpt>
      <trkpt lat="22.512336266642567" lon="113.94682160850118">
        <ele>2.0</ele>
        <time>2026-08-13T11:21:48Z</time>
        <extensions>
          <gpxtpx:TrackPointExtension>
            <gpxtpx:hr>175</gpxtpx:hr>
          </gpxtpx:TrackPointExtension>
        </extensions>
      </trkpt>
      <trkpt lat="22.512337105284203" lon="113.94689748975627">
        <ele>2.0</ele>
        <time>2026-08-13T11:21:51Z</time>
        <extensions>
          <gpxtpx:TrackPointExtension>
            <gpxtpx:hr>176</gpxtpx:hr>
          </gpxtpx:TrackPointExtension>
        </extensions>
      </trkpt>
      <trkpt lat="22.512338950079645" lon="113.94697037542852">
        <ele>2.0</ele>
        <time>2026-08-13T11:21:54Z</time>
        <extensions>
          <gpxtpx:TrackPointExtension>
            <gpxtpx:hr>176</gpxtpx:hr>
          </gpxtpx:TrackPointExtension>
        </extensions>
      </trkpt>
      <trkpt lat="22.512333816143173" lon="113.94703327702692">
        <ele>2.0</ele>
        <time>2026-08-13T11:21:57Z</time>
        <extensions>
          <gpxtpx:TrackPointExtension>
            <gpxtpx:hr>176</gpxtpx:hr>
          </gpxtpx:TrackPointExtension>
        </extensions>
      </trkpt>
      <trkpt lat="22.512331748045945" lon="113.94706522695401">
        <ele>2.0</ele>
        <time>2026-08-13T11:22:00Z</time>
        <extensions>
          <gpxtpx:TrackPointExtension>
            <gpxtpx:hr>175</gpxtpx:hr>
          </gpxtpx:TrackPointExtension>
        </extensions>
      </trkpt>
      <trkpt lat="22.512326658669462" lon="113.94710716132535">
        <ele>2.0</ele>
        <time>2026-08-13T11:22:03Z</time>
        <extensions>
          <gpxtpx:TrackPointExtension>
            <gpxtpx:hr>175</gpxtpx:hr>
          </gpxtpx:TrackPointExtension>
        </extensions>
      </trkpt>
      <trkpt lat="22.512317556526114" lon="113.94715508644822">
        <ele>2.0</ele>
        <time>2026-08-13T11:22:06Z</time>
        <extensions>
          <gpxtpx:TrackPointExtension>
            <gpxtpx:hr>175</gpxtpx:hr>
          </gpxtpx:TrackPointExtension>
        </extensions>
      </trkpt>
      <trkpt lat="22.512318409227216" lon="113.94722397777925">
        <ele>2.0</ele>
        <time>2026-08-13T11:22:09Z</time>
        <extensions>
          <gpxtpx:TrackPointExtension>
            <gpxtpx:hr>176</gpxtpx:hr>
          </gpxtpx:TrackPointExtension>
        </extensions>
      </trkpt>
      <trkpt lat="22.512326295802037" lon="113.94727689373032">
        <ele>2.0</ele>
        <time>2026-08-13T11:22:12Z</time>
        <extensions>
          <gpxtpx:TrackPointExtension>
            <gpxtpx:hr>177</gpxtpx:hr>
          </gpxtpx:TrackPointExtension>
        </extensions>
      </trkpt>
      <trkpt lat="22.512303101684402" lon="113.94736775149997">
        <ele>2.0</ele>
        <time>2026-08-13T11:22:15Z</time>
        <extensions>
          <gpxtpx:TrackPointExtension>
            <gpxtpx:hr>176</gpxtpx:hr>
          </gpxtpx:TrackPointExtension>
        </extensions>
      </trkpt>
      <trkpt lat="22.512246910191188" lon="113.9474576126332">
        <ele>2.0</ele>
        <time>2026-08-13T11:22:18Z</time>
        <extensions>
          <gpxtpx:TrackPointExtension>
            <gpxtpx:hr>174</gpxtpx:hr>
          </gpxtpx:TrackPointExtension>
        </extensions>
      </trkpt>
      <trkpt lat="22.51221272004648" lon="113.94754647365977">
        <ele>2.0</ele>
        <time>2026-08-13T11:22:21Z</time>
        <extensions>
          <gpxtpx:TrackPointExtension>
            <gpxtpx:hr>174</gpxtpx:hr>
          </gpxtpx:TrackPointExtension>
        </extensions>
      </trkpt>
      <trkpt lat="22.51220562141474" lon="113.94759240104614">
        <ele>2.0</ele>
        <time>2026-08-13T11:22:24Z</time>
        <extensions>
          <gpxtpx:TrackPointExtension>
            <gpxtpx:hr>174</gpxtpx:hr>
          </gpxtpx:TrackPointExtension>
        </extensions>
      </trkpt>
      <trkpt lat="22.512203533343104" lon="113.9476333359907">
        <ele>2.0</ele>
        <time>2026-08-13T11:22:27Z</time>
        <extensions>
          <gpxtpx:TrackPointExtension>
            <gpxtpx:hr>174</gpxtpx:hr>
          </gpxtpx:TrackPointExtension>
        </extensions>
      </trkpt>
      <trkpt lat="22.512200479653615" lon="113.94765829640477">
        <ele>2.0</ele>
        <time>2026-08-13T11:22:30Z</time>
        <extensions>
          <gpxtpx:TrackPointExtension>
            <gpxtpx:hr>173</gpxtpx:hr>
          </gpxtpx:TrackPointExtension>
        </extensions>
      </trkpt>
      <trkpt lat="22.51219442601216" lon="113.9476832569855">
        <ele>2.0</ele>
        <time>2026-08-13T11:22:33Z</time>
        <extensions>
          <gpxtpx:TrackPointExtension>
            <gpxtpx:hr>173</gpxtpx:hr>
          </gpxtpx:TrackPointExtension>
        </extensions>
      </trkpt>
      <trkpt lat="22.512172241350996" lon="113.94776912129213">
        <ele>2.0</ele>
        <time>2026-08-13T11:22:36Z</time>
        <extensions>
          <gpxtpx:TrackPointExtension>
            <gpxtpx:hr>174</gpxtpx:hr>
          </gpxtpx:TrackPointExtension>
        </extensions>
      </trkpt>
      <trkpt lat="22.51214198971447" lon="113.94788593625023">
        <ele>2.0</ele>
        <time>2026-08-13T11:22:39Z</time>
        <extensions>
          <gpxtpx:TrackPointExtension>
            <gpxtpx:hr>175</gpxtpx:hr>
          </gpxtpx:TrackPointExtension>
        </extensions>
      </trkpt>
      <trkpt lat="22.512111744090724" lon="113.94799975551437">
        <ele>2.0</ele>
        <time>2026-08-13T11:22:42Z</time>
        <extensions>
          <gpxtpx:TrackPointExtension>
            <gpxtpx:hr>176</gpxtpx:hr>
          </gpxtpx:TrackPointExtension>
        </extensions>
      </trkpt>
      <trkpt lat="22.512094616826758" lon="113.94805866188032">
        <ele>2.0</ele>
        <time>2026-08-13T11:22:45Z</time>
        <extensions>
          <gpxtpx:TrackPointExtension>
            <gpxtpx:hr>176</gpxtpx:hr>
          </gpxtpx:TrackPointExtension>
        </extensions>
      </trkpt>
      <trkpt lat="22.51206742899088" lon="113.94814552369773">
        <ele>2.0</ele>
        <time>2026-08-13T11:22:48Z</time>
        <extensions>
          <gpxtpx:TrackPointExtension>
            <gpxtpx:hr>176</gpxtpx:hr>
          </gpxtpx:TrackPointExtension>
        </extensions>
      </trkpt>
      <trkpt lat="22.51205024717428" lon="113.9482293894413">
        <ele>2.0</ele>
        <time>2026-08-13T11:22:51Z</time>
        <extensions>
          <gpxtpx:TrackPointExtension>
            <gpxtpx:hr>175</gpxtpx:hr>
          </gpxtpx:TrackPointExtension>
        </extensions>
      </trkpt>
      <trkpt lat="22.512041077970153" lon="113.94830726411251">
        <ele>2.0</ele>
        <time>2026-08-13T11:22:54Z</time>
        <extensions>
          <gpxtpx:TrackPointExtension>
            <gpxtpx:hr>176</gpxtpx:hr>
          </gpxtpx:TrackPointExtension>
        </extensions>
      </trkpt>
      <trkpt lat="22.51203798890563" lon="113.94834819803529">
        <ele>2.0</ele>
        <time>2026-08-13T11:22:57Z</time>
        <extensions>
          <gpxtpx:TrackPointExtension>
            <gpxtpx:hr>178</gpxtpx:hr>
          </gpxtpx:TrackPointExtension>
        </extensions>
      </trkpt>
      <trkpt lat="22.512039838723577" lon="113.94841708624656">
        <ele>2.0</ele>
        <time>2026-08-13T11:23:00Z</time>
        <extensions>
          <gpxtpx:TrackPointExtension>
            <gpxtpx:hr>178</gpxtpx:hr>
          </gpxtpx:TrackPointExtension>
        </extensions>
      </trkpt>
      <trkpt lat="22.51202670397887" lon="113.94847898658628">
        <ele>2.0</ele>
        <time>2026-08-13T11:23:03Z</time>
        <extensions>
          <gpxtpx:TrackPointExtension>
            <gpxtpx:hr>177</gpxtpx:hr>
          </gpxtpx:TrackPointExtension>
        </extensions>
      </trkpt>
      <trkpt lat="22.5119796113228" lon="113.9485219197886">
        <ele>2.0</ele>
        <time>2026-08-13T11:23:06Z</time>
        <extensions>
          <gpxtpx:TrackPointExtension>
            <gpxtpx:hr>176</gpxtpx:hr>
          </gpxtpx:TrackPointExtension>
        </extensions>
      </trkpt>
      <trkpt lat="22.511943557621386" lon="113.94854688147069">
        <ele>2.0</ele>
        <time>2026-08-13T11:23:09Z</time>
        <extensions>
          <gpxtpx:TrackPointExtension>
            <gpxtpx:hr>176</gpxtpx:hr>
          </gpxtpx:TrackPointExtension>
        </extensions>
      </trkpt>
      <trkpt lat="22.51188444985224" lon="113.94859680394336">
        <ele>2.0</ele>
        <time>2026-08-13T11:23:12Z</time>
        <extensions>
          <gpxtpx:TrackPointExtension>
            <gpxtpx:hr>176</gpxtpx:hr>
          </gpxtpx:TrackPointExtension>
        </extensions>
      </trkpt>
      <trkpt lat="22.51183532428435" lon="113.94865471266655">
        <ele>2.0</ele>
        <time>2026-08-13T11:23:15Z</time>
        <extensions>
          <gpxtpx:TrackPointExtension>
            <gpxtpx:hr>177</gpxtpx:hr>
          </gpxtpx:TrackPointExtension>
        </extensions>
      </trkpt>
      <trkpt lat="22.511794189667253" lon="113.9487166142385">
        <ele>2.0</ele>
        <time>2026-08-13T11:23:18Z</time>
        <extensions>
          <gpxtpx:TrackPointExtension>
            <gpxtpx:hr>176</gpxtpx:hr>
          </gpxtpx:TrackPointExtension>
        </extensions>
      </trkpt>
      <trkpt lat="22.51176610059297" lon="113.94875754912803">
        <ele>2.0</ele>
        <time>2026-08-13T11:23:21Z</time>
        <extensions>
          <gpxtpx:TrackPointExtension>
            <gpxtpx:hr>176</gpxtpx:hr>
          </gpxtpx:TrackPointExtension>
        </extensions>
      </trkpt>
      <trkpt lat="22.511712946306158" lon="113.9488284365163">
        <ele>2.0</ele>
        <time>2026-08-13T11:23:24Z</time>
        <extensions>
          <gpxtpx:TrackPointExtension>
            <gpxtpx:hr>177</gpxtpx:hr>
          </gpxtpx:TrackPointExtension>
        </extensions>
      </trkpt>
      <trkpt lat="22.511659794037147" lon="113.94889832535802">
        <ele>2.0</ele>
        <time>2026-08-13T11:23:27Z</time>
        <extensions>
          <gpxtpx:TrackPointExtension>
            <gpxtpx:hr>177</gpxtpx:hr>
          </gpxtpx:TrackPointExtension>
        </extensions>
      </trkpt>
      <trkpt lat="22.511605656990636" lon="113.94896122556183">
        <ele>1.0</ele>
        <time>2026-08-13T11:23:30Z</time>
        <extensions>
          <gpxtpx:TrackPointExtension>
            <gpxtpx:hr>177</gpxtpx:hr>
          </gpxtpx:TrackPointExtension>
        </extensions>
      </trkpt>
      <trkpt lat="22.511570580905754" lon="113.94899617037365">
        <ele>1.0</ele>
        <time>2026-08-13T11:23:33Z</time>
        <extensions>
          <gpxtpx:TrackPointExtension>
            <gpxtpx:hr>178</gpxtpx:hr>
          </gpxtpx:TrackPointExtension>
        </extensions>
      </trkpt>
      <trkpt lat="22.51151245912454" lon="113.94905208210655">
        <ele>1.0</ele>
        <time>2026-08-13T11:23:36Z</time>
        <extensions>
          <gpxtpx:TrackPointExtension>
            <gpxtpx:hr>177</gpxtpx:hr>
          </gpxtpx:TrackPointExtension>
        </extensions>
      </trkpt>
      <trkpt lat="22.511455335009202" lon="113.94910899201743">
        <ele>1.0</ele>
        <time>2026-08-13T11:23:39Z</time>
        <extensions>
          <gpxtpx:TrackPointExtension>
            <gpxtpx:hr>177</gpxtpx:hr>
          </gpxtpx:TrackPointExtension>
        </extensions>
      </trkpt>
      <trkpt lat="22.51139620862086" lon="113.94916690029014">
        <ele>1.0</ele>
        <time>2026-08-13T11:23:42Z</time>
        <extensions>
          <gpxtpx:TrackPointExtension>
            <gpxtpx:hr>177</gpxtpx:hr>
          </gpxtpx:TrackPointExtension>
        </extensions>
      </trkpt>
      <trkpt lat="22.51135913232547" lon="113.94920184496686">
        <ele>1.0</ele>
        <time>2026-08-13T11:23:45Z</time>
        <extensions>
          <gpxtpx:TrackPointExtension>
            <gpxtpx:hr>177</gpxtpx:hr>
          </gpxtpx:TrackPointExtension>
        </extensions>
      </trkpt>
      <trkpt lat="22.511296005834815" lon="113.94925975329731">
        <ele>1.0</ele>
        <time>2026-08-13T11:23:48Z</time>
        <extensions>
          <gpxtpx:TrackPointExtension>
            <gpxtpx:hr>177</gpxtpx:hr>
          </gpxtpx:TrackPointExtension>
        </extensions>
      </trkpt>
      <trkpt lat="22.511233881410703" lon="113.94931666309513">
        <ele>1.0</ele>
        <time>2026-08-13T11:23:51Z</time>
        <extensions>
          <gpxtpx:TrackPointExtension>
            <gpxtpx:hr>178</gpxtpx:hr>
          </gpxtpx:TrackPointExtension>
        </extensions>
      </trkpt>
      <trkpt lat="22.51117277010732" lon="113.9493675826382">
        <ele>1.0</ele>
        <time>2026-08-13T11:23:54Z</time>
        <extensions>
          <gpxtpx:TrackPointExtension>
            <gpxtpx:hr>179</gpxtpx:hr>
          </gpxtpx:TrackPointExtension>
        </extensions>
      </trkpt>
      <trkpt lat="22.511134704637584" lon="113.94939753540078">
        <ele>1.0</ele>
        <time>2026-08-13T11:23:57Z</time>
        <extensions>
          <gpxtpx:TrackPointExtension>
            <gpxtpx:hr>178</gpxtpx:hr>
          </gpxtpx:TrackPointExtension>
        </extensions>
      </trkpt>
      <trkpt lat="22.51106859329525" lon="113.9494484551112">
        <ele>1.0</ele>
        <time>2026-08-13T11:24:00Z</time>
        <extensions>
          <gpxtpx:TrackPointExtension>
            <gpxtpx:hr>178</gpxtpx:hr>
          </gpxtpx:TrackPointExtension>
        </extensions>
      </trkpt>
      <trkpt lat="22.510999492993744" lon="113.94949438321224">
        <ele>1.0</ele>
        <time>2026-08-13T11:24:03Z</time>
        <extensions>
          <gpxtpx:TrackPointExtension>
            <gpxtpx:hr>178</gpxtpx:hr>
          </gpxtpx:TrackPointExtension>
        </extensions>
      </trkpt>
      <trkpt lat="22.510927403755602" lon="113.94953531972885">
        <ele>1.0</ele>
        <time>2026-08-13T11:24:06Z</time>
        <extensions>
          <gpxtpx:TrackPointExtension>
            <gpxtpx:hr>177</gpxtpx:hr>
          </gpxtpx:TrackPointExtension>
        </extensions>
      </trkpt>
      <trkpt lat="22.51088334931297" lon="113.94956028099594">
        <ele>1.0</ele>
        <time>2026-08-13T11:24:09Z</time>
        <extensions>
          <gpxtpx:TrackPointExtension>
            <gpxtpx:hr>177</gpxtpx:hr>
          </gpxtpx:TrackPointExtension>
        </extensions>
      </trkpt>
      <trkpt lat="22.510807257840636" lon="113.94960221600566">
        <ele>1.0</ele>
        <time>2026-08-13T11:24:12Z</time>
        <extensions>
          <gpxtpx:TrackPointExtension>
            <gpxtpx:hr>179</gpxtpx:hr>
          </gpxtpx:TrackPointExtension>
        </extensions>
      </trkpt>
      <trkpt lat="22.51073117517638" lon="113.94964015760851">
        <ele>1.0</ele>
        <time>2026-08-13T11:24:15Z</time>
        <extensions>
          <gpxtpx:TrackPointExtension>
            <gpxtpx:hr>179</gpxtpx:hr>
          </gpxtpx:TrackPointExtension>
        </extensions>
      </trkpt>
      <trkpt lat="22.51065209251942" lon="113.94967809934938">
        <ele>1.0</ele>
        <time>2026-08-13T11:24:18Z</time>
        <extensions>
          <gpxtpx:TrackPointExtension>
            <gpxtpx:hr>179</gpxtpx:hr>
          </gpxtpx:TrackPointExtension>
        </extensions>
      </trkpt>
      <trkpt lat="22.5106060535277" lon="113.94969607227799">
        <ele>1.0</ele>
        <time>2026-08-13T11:24:21Z</time>
        <extensions>
          <gpxtpx:TrackPointExtension>
            <gpxtpx:hr>181</gpxtpx:hr>
          </gpxtpx:TrackPointExtension>
        </extensions>
      </trkpt>
      <trkpt lat="22.510532997320098" lon="113.94972203356936">
        <ele>1.0</ele>
        <time>2026-08-13T11:24:24Z</time>
        <extensions>
          <gpxtpx:TrackPointExtension>
            <gpxtpx:hr>181</gpxtpx:hr>
          </gpxtpx:TrackPointExtension>
        </extensions>
      </trkpt>
      <trkpt lat="22.51046094550638" lon="113.949745998109">
        <ele>1.0</ele>
        <time>2026-08-13T11:24:27Z</time>
        <extensions>
          <gpxtpx:TrackPointExtension>
            <gpxtpx:hr>181</gpxtpx:hr>
          </gpxtpx:TrackPointExtension>
        </extensions>
      </trkpt>
      <trkpt lat="22.51038789591034" lon="113.94976896435999">
        <ele>1.0</ele>
        <time>2026-08-13T11:24:30Z</time>
        <extensions>
          <gpxtpx:TrackPointExtension>
            <gpxtpx:hr>181</gpxtpx:hr>
          </gpxtpx:TrackPointExtension>
        </extensions>
      </trkpt>
      <trkpt lat="22.510343867923748" lon="113.9497819454495">
        <ele>1.0</ele>
        <time>2026-08-13T11:24:33Z</time>
        <extensions>
          <gpxtpx:TrackPointExtension>
            <gpxtpx:hr>181</gpxtpx:hr>
          </gpxtpx:TrackPointExtension>
        </extensions>
      </trkpt>
      <trkpt lat="22.510270824961204" lon="113.94980191668064">
        <ele>1.0</ele>
        <time>2026-08-13T11:24:36Z</time>
        <extensions>
          <gpxtpx:TrackPointExtension>
            <gpxtpx:hr>182</gpxtpx:hr>
          </gpxtpx:TrackPointExtension>
        </extensions>
      </trkpt>
      <trkpt lat="22.510195788693743" lon="113.94981889303573">
        <ele>1.0</ele>
        <time>2026-08-13T11:24:39Z</time>
        <extensions>
          <gpxtpx:TrackPointExtension>
            <gpxtpx:hr>182</gpxtpx:hr>
          </gpxtpx:TrackPointExtension>
        </extensions>
      </trkpt>
      <trkpt lat="22.51012276126912" lon="113.94983187593797">
        <ele>1.0</ele>
        <time>2026-08-13T11:24:42Z</time>
        <extensions>
          <gpxtpx:TrackPointExtension>
            <gpxtpx:hr>182</gpxtpx:hr>
          </gpxtpx:TrackPointExtension>
        </extensions>
      </trkpt>
      <trkpt lat="22.510079746572217" lon="113.94983886696274">
        <ele>1.0</ele>
        <time>2026-08-13T11:24:45Z</time>
        <extensions>
          <gpxtpx:TrackPointExtension>
            <gpxtpx:hr>182</gpxtpx:hr>
          </gpxtpx:TrackPointExtension>
        </extensions>
      </trkpt>
      <trkpt lat="22.510010725723625" lon="113.9498488546173">
        <ele>1.0</ele>
        <time>2026-08-13T11:24:48Z</time>
        <extensions>
          <gpxtpx:TrackPointExtension>
            <gpxtpx:hr>182</gpxtpx:hr>
          </gpxtpx:TrackPointExtension>
        </extensions>
      </trkpt>
      <trkpt lat="22.50993971158399" lon="113.94985584741052">
        <ele>1.0</ele>
        <time>2026-08-13T11:24:51Z</time>
        <extensions>
          <gpxtpx:TrackPointExtension>
            <gpxtpx:hr>182</gpxtpx:hr>
          </gpxtpx:TrackPointExtension>
        </extensions>
      </trkpt>
      <trkpt lat="22.50986870411454" lon="113.94985984521804">
        <ele>1.0</ele>
        <time>2026-08-13T11:24:54Z</time>
        <extensions>
          <gpxtpx:TrackPointExtension>
            <gpxtpx:hr>182</gpxtpx:hr>
          </gpxtpx:TrackPointExtension>
        </extensions>
      </trkpt>
      <trkpt lat="22.50982670050781" lon="113.9498618445331">
        <ele>1.0</ele>
        <time>2026-08-13T11:24:57Z</time>
        <extensions>
          <gpxtpx:TrackPointExtension>
            <gpxtpx:hr>182</gpxtpx:hr>
          </gpxtpx:TrackPointExtension>
        </extensions>
      </trkpt>
      <trkpt lat="22.509757690760477" lon="113.94986684054093">
        <ele>1.0</ele>
        <time>2026-08-13T11:25:00Z</time>
        <extensions>
          <gpxtpx:TrackPointExtension>
            <gpxtpx:hr>183</gpxtpx:hr>
          </gpxtpx:TrackPointExtension>
        </extensions>
      </trkpt>
      <trkpt lat="22.509686689951668" lon="113.94986784336376">
        <ele>1.0</ele>
        <time>2026-08-13T11:25:03Z</time>
        <extensions>
          <gpxtpx:TrackPointExtension>
            <gpxtpx:hr>183</gpxtpx:hr>
          </gpxtpx:TrackPointExtension>
        </extensions>
      </trkpt>
      <trkpt lat="22.50961369585491" lon="113.94986585132986">
        <ele>1.0</ele>
        <time>2026-08-13T11:25:06Z</time>
        <extensions>
          <gpxtpx:TrackPointExtension>
            <gpxtpx:hr>182</gpxtpx:hr>
          </gpxtpx:TrackPointExtension>
        </extensions>
      </trkpt>
      <trkpt lat="22.509570712289506" lon="113.94985886575654">
        <ele>1.0</ele>
        <time>2026-08-13T11:25:09Z</time>
        <extensions>
          <gpxtpx:TrackPointExtension>
            <gpxtpx:hr>183</gpxtpx:hr>
          </gpxtpx:TrackPointExtension>
        </extensions>
      </trkpt>
      <trkpt lat="22.509497738213778" lon="113.94984788876715">
        <ele>1.0</ele>
        <time>2026-08-13T11:25:12Z</time>
        <extensions>
          <gpxtpx:TrackPointExtension>
            <gpxtpx:hr>182</gpxtpx:hr>
          </gpxtpx:TrackPointExtension>
        </extensions>
      </trkpt>
      <trkpt lat="22.509425766332654" lon="113.9498359133812">
        <ele>1.0</ele>
        <time>2026-08-13T11:25:15Z</time>
        <extensions>
          <gpxtpx:TrackPointExtension>
            <gpxtpx:hr>182</gpxtpx:hr>
          </gpxtpx:TrackPointExtension>
        </extensions>
      </trkpt>
      <trkpt lat="22.50934979229272" lon="113.9498249365726">
        <ele>1.0</ele>
        <time>2026-08-13T11:25:18Z</time>
        <extensions>
          <gpxtpx:TrackPointExtension>
            <gpxtpx:hr>181</gpxtpx:hr>
          </gpxtpx:TrackPointExtension>
        </extensions>
      </trkpt>
      <trkpt lat="22.509303804311255" lon="113.94981994783787">
        <ele>1.0</ele>
        <time>2026-08-13T11:25:21Z</time>
        <extensions>
          <gpxtpx:TrackPointExtension>
            <gpxtpx:hr>182</gpxtpx:hr>
          </gpxtpx:TrackPointExtension>
        </extensions>
      </trkpt>
      <trkpt lat="22.50922982798999" lon="113.94980996922612">
        <ele>1.0</ele>
        <time>2026-08-13T11:25:24Z</time>
        <extensions>
          <gpxtpx:TrackPointExtension>
            <gpxtpx:hr>182</gpxtpx:hr>
          </gpxtpx:TrackPointExtension>
        </extensions>
      </trkpt>
      <trkpt lat="22.509157851619634" lon="113.94979999048415">
        <ele>1.0</ele>
        <time>2026-08-13T11:25:27Z</time>
        <extensions>
          <gpxtpx:TrackPointExtension>
            <gpxtpx:hr>181</gpxtpx:hr>
          </gpxtpx:TrackPointExtension>
        </extensions>
      </trkpt>
      <trkpt lat="22.509084873034322" lon="113.94979101013242">
        <ele>1.0</ele>
        <time>2026-08-13T11:25:30Z</time>
        <extensions>
          <gpxtpx:TrackPointExtension>
            <gpxtpx:hr>180</gpxtpx:hr>
          </gpxtpx:TrackPointExtension>
        </extensions>
      </trkpt>
      <trkpt lat="22.509040891663563" lon="113.94978302627263">
        <ele>1.0</ele>
        <time>2026-08-13T11:25:33Z</time>
        <extensions>
          <gpxtpx:TrackPointExtension>
            <gpxtpx:hr>182</gpxtpx:hr>
          </gpxtpx:TrackPointExtension>
        </extensions>
      </trkpt>
      <trkpt lat="22.50896893082764" lon="113.94976605920179">
        <ele>1.0</ele>
        <time>2026-08-13T11:25:36Z</time>
        <extensions>
          <gpxtpx:TrackPointExtension>
            <gpxtpx:hr>182</gpxtpx:hr>
          </gpxtpx:TrackPointExtension>
        </extensions>
      </trkpt>
      <trkpt lat="22.50889798551223" lon="113.94974210373213">
        <ele>1.0</ele>
        <time>2026-08-13T11:25:39Z</time>
        <extensions>
          <gpxtpx:TrackPointExtension>
            <gpxtpx:hr>182</gpxtpx:hr>
          </gpxtpx:TrackPointExtension>
        </extensions>
      </trkpt>
      <trkpt lat="22.508827044613383" lon="113.94971615157533">
        <ele>1.0</ele>
        <time>2026-08-13T11:25:42Z</time>
        <extensions>
          <gpxtpx:TrackPointExtension>
            <gpxtpx:hr>182</gpxtpx:hr>
          </gpxtpx:TrackPointExtension>
        </extensions>
      </trkpt>
      <trkpt lat="22.508783080974435" lon="113.94970018102467">
        <ele>1.0</ele>
        <time>2026-08-13T11:25:45Z</time>
        <extensions>
          <gpxtpx:TrackPointExtension>
            <gpxtpx:hr>182</gpxtpx:hr>
          </gpxtpx:TrackPointExtension>
        </extensions>
      </trkpt>
      <trkpt lat="22.508705155696596" lon="113.94966724092768">
        <ele>1.0</ele>
        <time>2026-08-13T11:25:48Z</time>
        <extensions>
          <gpxtpx:TrackPointExtension>
            <gpxtpx:hr>183</gpxtpx:hr>
          </gpxtpx:TrackPointExtension>
        </extensions>
      </trkpt>
      <trkpt lat="22.508631232518464" lon="113.949633302202">
        <ele>1.0</ele>
        <time>2026-08-13T11:25:51Z</time>
        <extensions>
          <gpxtpx:TrackPointExtension>
            <gpxtpx:hr>183</gpxtpx:hr>
          </gpxtpx:TrackPointExtension>
        </extensions>
      </trkpt>
      <trkpt lat="22.508563306966227" lon="113.94960036139223">
        <ele>1.0</ele>
        <time>2026-08-13T11:25:54Z</time>
        <extensions>
          <gpxtpx:TrackPointExtension>
            <gpxtpx:hr>183</gpxtpx:hr>
          </gpxtpx:TrackPointExtension>
        </extensions>
      </trkpt>
      <trkpt lat="22.508521352079683" lon="113.94958039729583">
        <ele>1.0</ele>
        <time>2026-08-13T11:25:57Z</time>
        <extensions>
          <gpxtpx:TrackPointExtension>
            <gpxtpx:hr>183</gpxtpx:hr>
          </gpxtpx:TrackPointExtension>
        </extensions>
      </trkpt>
      <trkpt lat="22.508455428637546" lon="113.94954645795703">
        <ele>1.0</ele>
        <time>2026-08-13T11:26:00Z</time>
        <extensions>
          <gpxtpx:TrackPointExtension>
            <gpxtpx:hr>183</gpxtpx:hr>
          </gpxtpx:TrackPointExtension>
        </extensions>
      </trkpt>
      <trkpt lat="22.50838951179371" lon="113.94950952355461">
        <ele>1.0</ele>
        <time>2026-08-13T11:26:03Z</time>
        <extensions>
          <gpxtpx:TrackPointExtension>
            <gpxtpx:hr>183</gpxtpx:hr>
          </gpxtpx:TrackPointExtension>
        </extensions>
      </trkpt>
      <trkpt lat="22.50832359711091" lon="113.9494715907607">
        <ele>1.0</ele>
        <time>2026-08-13T11:26:06Z</time>
        <extensions>
          <gpxtpx:TrackPointExtension>
            <gpxtpx:hr>183</gpxtpx:hr>
          </gpxtpx:TrackPointExtension>
        </extensions>
      </trkpt>
      <trkpt lat="22.508285657537378" lon="113.94944463791764">
        <ele>1.0</ele>
        <time>2026-08-13T11:26:09Z</time>
        <extensions>
          <gpxtpx:TrackPointExtension>
            <gpxtpx:hr>184</gpxtpx:hr>
          </gpxtpx:TrackPointExtension>
        </extensions>
      </trkpt>
      <trkpt lat="22.508216758290907" lon="113.94939971681266">
        <ele>1.0</ele>
        <time>2026-08-13T11:26:12Z</time>
        <extensions>
          <gpxtpx:TrackPointExtension>
            <gpxtpx:hr>184</gpxtpx:hr>
          </gpxtpx:TrackPointExtension>
        </extensions>
      </trkpt>
      <trkpt lat="22.508150863334105" lon="113.94935279875192">
        <ele>1.0</ele>
        <time>2026-08-13T11:26:15Z</time>
        <extensions>
          <gpxtpx:TrackPointExtension>
            <gpxtpx:hr>183</gpxtpx:hr>
          </gpxtpx:TrackPointExtension>
        </extensions>
      </trkpt>
      <trkpt lat="22.508087977072815" lon="113.94930188702881">
        <ele>1.0</ele>
        <time>2026-08-13T11:26:18Z</time>
        <extensions>
          <gpxtpx:TrackPointExtension>
            <gpxtpx:hr>184</gpxtpx:hr>
          </gpxtpx:TrackPointExtension>
        </extensions>
      </trkpt>
      <trkpt lat="22.5080520461218" lon="113.94927094049605">
        <ele>1.0</ele>
        <time>2026-08-13T11:26:21Z</time>
        <extensions>
          <gpxtpx:TrackPointExtension>
            <gpxtpx:hr>184</gpxtpx:hr>
          </gpxtpx:TrackPointExtension>
        </extensions>
      </trkpt>
      <trkpt lat="22.507994159622243" lon="113.94922002830492">
        <ele>1.0</ele>
        <time>2026-08-13T11:26:24Z</time>
        <extensions>
          <gpxtpx:TrackPointExtension>
            <gpxtpx:hr>183</gpxtpx:hr>
          </gpxtpx:TrackPointExtension>
        </extensions>
      </trkpt>
      <trkpt lat="22.50793728402587" lon="113.9491641241906">
        <ele>1.0</ele>
        <time>2026-08-13T11:26:27Z</time>
        <extensions>
          <gpxtpx:TrackPointExtension>
            <gpxtpx:hr>184</gpxtpx:hr>
          </gpxtpx:TrackPointExtension>
        </extensions>
      </trkpt>
      <trkpt lat="22.507883417068754" lon="113.94910422635135">
        <ele>1.0</ele>
        <time>2026-08-13T11:26:30Z</time>
        <extensions>
          <gpxtpx:TrackPointExtension>
            <gpxtpx:hr>183</gpxtpx:hr>
          </gpxtpx:TrackPointExtension>
        </extensions>
      </trkpt>
      <trkpt lat="22.507853496791984" lon="113.94906828743312">
        <ele>1.0</ele>
        <time>2026-08-13T11:26:33Z</time>
        <extensions>
          <gpxtpx:TrackPointExtension>
            <gpxtpx:hr>184</gpxtpx:hr>
          </gpxtpx:TrackPointExtension>
        </extensions>
      </trkpt>
      <trkpt lat="22.507805625133958" lon="113.94901038572245">
        <ele>1.0</ele>
        <time>2026-08-13T11:26:36Z</time>
        <extensions>
          <gpxtpx:TrackPointExtension>
            <gpxtpx:hr>184</gpxtpx:hr>
          </gpxtpx:TrackPointExtension>
        </extensions>
      </trkpt>
      <trkpt lat="22.507758748950174" lon="113.94895448054781">
        <ele>1.0</ele>
        <time>2026-08-13T11:26:39Z</time>
        <extensions>
          <gpxtpx:TrackPointExtension>
            <gpxtpx:hr>184</gpxtpx:hr>
          </gpxtpx:TrackPointExtension>
        </extensions>
      </trkpt>
      <trkpt lat="22.507713868234877" lon="113.94890057185805">
        <ele>1.0</ele>
        <time>2026-08-13T11:26:42Z</time>
        <extensions>
          <gpxtpx:TrackPointExtension>
            <gpxtpx:hr>183</gpxtpx:hr>
          </gpxtpx:TrackPointExtension>
        </extensions>
      </trkpt>
      <trkpt lat="22.50768594108945" lon="113.94886762763808">
        <ele>1.0</ele>
        <time>2026-08-13T11:26:45Z</time>
        <extensions>
          <gpxtpx:TrackPointExtension>
            <gpxtpx:hr>184</gpxtpx:hr>
          </gpxtpx:TrackPointExtension>
        </extensions>
      </trkpt>
      <trkpt lat="22.507637049324572" lon="113.94881871085963">
        <ele>1.0</ele>
        <time>2026-08-13T11:26:48Z</time>
        <extensions>
          <gpxtpx:TrackPointExtension>
            <gpxtpx:hr>184</gpxtpx:hr>
          </gpxtpx:TrackPointExtension>
        </extensions>
      </trkpt>
      <trkpt lat="22.50758814652832" lon="113.94877478583093">
        <ele>1.0</ele>
        <time>2026-08-13T11:26:51Z</time>
        <extensions>
          <gpxtpx:TrackPointExtension>
            <gpxtpx:hr>183</gpxtpx:hr>
          </gpxtpx:TrackPointExtension>
        </extensions>
      </trkpt>
      <trkpt lat="22.50753823711615" lon="113.94873385590165">
        <ele>1.0</ele>
        <time>2026-08-13T11:26:54Z</time>
        <extensions>
          <gpxtpx:TrackPointExtension>
            <gpxtpx:hr>182</gpxtpx:hr>
          </gpxtpx:TrackPointExtension>
        </extensions>
      </trkpt>
      <trkpt lat="22.50750429238252" lon="113.94870889881983">
        <ele>1.0</ele>
        <time>2026-08-13T11:26:57Z</time>
        <extensions>
          <gpxtpx:TrackPointExtension>
            <gpxtpx:hr>182</gpxtpx:hr>
          </gpxtpx:TrackPointExtension>
        </extensions>
      </trkpt>
      <trkpt lat="22.50744240055964" lon="113.94865998257949">
        <ele>1.0</ele>
        <time>2026-08-13T11:27:00Z</time>
        <extensions>
          <gpxtpx:TrackPointExtension>
            <gpxtpx:hr>182</gpxtpx:hr>
          </gpxtpx:TrackPointExtension>
        </extensions>
      </trkpt>
      <trkpt lat="22.50737151753554" lon="113.948607073327">
        <ele>1.0</ele>
        <time>2026-08-13T11:27:03Z</time>
        <extensions>
          <gpxtpx:TrackPointExtension>
            <gpxtpx:hr>183</gpxtpx:hr>
          </gpxtpx:TrackPointExtension>
        </extensions>
      </trkpt>
      <trkpt lat="22.507292638905767" lon="113.94855216772689">
        <ele>1.0</ele>
        <time>2026-08-13T11:27:06Z</time>
        <extensions>
          <gpxtpx:TrackPointExtension>
            <gpxtpx:hr>183</gpxtpx:hr>
          </gpxtpx:TrackPointExtension>
        </extensions>
      </trkpt>
      <trkpt lat="22.50724570730627" lon="113.94852122104172">
        <ele>1.0</ele>
        <time>2026-08-13T11:27:09Z</time>
        <extensions>
          <gpxtpx:TrackPointExtension>
            <gpxtpx:hr>183</gpxtpx:hr>
          </gpxtpx:TrackPointExtension>
        </extensions>
      </trkpt>
      <trkpt lat="22.507175806562813" lon="113.94847629848374">
        <ele>1.0</ele>
        <time>2026-08-13T11:27:12Z</time>
        <extensions>
          <gpxtpx:TrackPointExtension>
            <gpxtpx:hr>183</gpxtpx:hr>
          </gpxtpx:TrackPointExtension>
        </extensions>
      </trkpt>
      <trkpt lat="22.507109892611528" lon="113.94843736587755">
        <ele>1.0</ele>
        <time>2026-08-13T11:27:15Z</time>
        <extensions>
          <gpxtpx:TrackPointExtension>
            <gpxtpx:hr>183</gpxtpx:hr>
          </gpxtpx:TrackPointExtension>
        </extensions>
      </trkpt>
      <trkpt lat="22.50704697202363" lon="113.94840142816905">
        <ele>1.0</ele>
        <time>2026-08-13T11:27:18Z</time>
        <extensions>
          <gpxtpx:TrackPointExtension>
            <gpxtpx:hr>183</gpxtpx:hr>
          </gpxtpx:TrackPointExtension>
        </extensions>
      </trkpt>
      <trkpt lat="22.50700901616896" lon="113.94838146294471">
        <ele>1.0</ele>
        <time>2026-08-13T11:27:21Z</time>
        <extensions>
          <gpxtpx:TrackPointExtension>
            <gpxtpx:hr>183</gpxtpx:hr>
          </gpxtpx:TrackPointExtension>
        </extensions>
      </trkpt>
      <trkpt lat="22.50694008690216" lon="113.94834951907409">
        <ele>1.0</ele>
        <time>2026-08-13T11:27:24Z</time>
        <extensions>
          <gpxtpx:TrackPointExtension>
            <gpxtpx:hr>182</gpxtpx:hr>
          </gpxtpx:TrackPointExtension>
        </extensions>
      </trkpt>
      <trkpt lat="22.50686815112121" lon="113.948320570508">
        <ele>1.0</ele>
        <time>2026-08-13T11:27:27Z</time>
        <extensions>
          <gpxtpx:TrackPointExtension>
            <gpxtpx:hr>183</gpxtpx:hr>
          </gpxtpx:TrackPointExtension>
        </extensions>
      </trkpt>
      <trkpt lat="22.506792202331596" lon="113.94829761247422">
        <ele>1.0</ele>
        <time>2026-08-13T11:27:30Z</time>
        <extensions>
          <gpxtpx:TrackPointExtension>
            <gpxtpx:hr>183</gpxtpx:hr>
          </gpxtpx:TrackPointExtension>
        </extensions>
      </trkpt>
      <trkpt lat="22.506748244316153" lon="113.94827864593863">
        <ele>1.0</ele>
        <time>2026-08-13T11:27:33Z</time>
        <extensions>
          <gpxtpx:TrackPointExtension>
            <gpxtpx:hr>183</gpxtpx:hr>
          </gpxtpx:TrackPointExtension>
        </extensions>
      </trkpt>
      <trkpt lat="22.506681325735578" lon="113.9482417098856">
        <ele>1.0</ele>
        <time>2026-08-13T11:27:36Z</time>
        <extensions>
          <gpxtpx:TrackPointExtension>
            <gpxtpx:hr>183</gpxtpx:hr>
          </gpxtpx:TrackPointExtension>
        </extensions>
      </trkpt>
      <trkpt lat="22.506615396236924" lon="113.94820976566005">
        <ele>1.0</ele>
        <time>2026-08-13T11:27:39Z</time>
        <extensions>
          <gpxtpx:TrackPointExtension>
            <gpxtpx:hr>183</gpxtpx:hr>
          </gpxtpx:TrackPointExtension>
        </extensions>
      </trkpt>
      <trkpt lat="22.506548453699438" lon="113.94818381179539">
        <ele>1.0</ele>
        <time>2026-08-13T11:27:42Z</time>
        <extensions>
          <gpxtpx:TrackPointExtension>
            <gpxtpx:hr>183</gpxtpx:hr>
          </gpxtpx:TrackPointExtension>
        </extensions>
      </trkpt>
      <trkpt lat="22.506511480305992" lon="113.94817183346474">
        <ele>1.0</ele>
        <time>2026-08-13T11:27:45Z</time>
        <extensions>
          <gpxtpx:TrackPointExtension>
            <gpxtpx:hr>184</gpxtpx:hr>
          </gpxtpx:TrackPointExtension>
        </extensions>
      </trkpt>
      <trkpt lat="22.5064565050186" lon="113.94816085465783">
        <ele>1.0</ele>
        <time>2026-08-13T11:27:48Z</time>
        <extensions>
          <gpxtpx:TrackPointExtension>
            <gpxtpx:hr>183</gpxtpx:hr>
          </gpxtpx:TrackPointExtension>
        </extensions>
      </trkpt>
      <trkpt lat="22.506395538487222" lon="113.94814588266435">
        <ele>1.0</ele>
        <time>2026-08-13T11:27:51Z</time>
        <extensions>
          <gpxtpx:TrackPointExtension>
            <gpxtpx:hr>183</gpxtpx:hr>
          </gpxtpx:TrackPointExtension>
        </extensions>
      </trkpt>
      <trkpt lat="22.50632758288664" lon="113.94812591914967">
        <ele>1.0</ele>
        <time>2026-08-13T11:27:54Z</time>
        <extensions>
          <gpxtpx:TrackPointExtension>
            <gpxtpx:hr>183</gpxtpx:hr>
          </gpxtpx:TrackPointExtension>
        </extensions>
      </trkpt>
      <trkpt lat="22.50628460738391" lon="113.94811493956466">
        <ele>1.0</ele>
        <time>2026-08-13T11:27:57Z</time>
        <extensions>
          <gpxtpx:TrackPointExtension>
            <gpxtpx:hr>184</gpxtpx:hr>
          </gpxtpx:TrackPointExtension>
        </extensions>
      </trkpt>
      <trkpt lat="22.506215647435184" lon="113.94809697287506">
        <ele>1.0</ele>
        <time>2026-08-13T11:28:00Z</time>
        <extensions>
          <gpxtpx:TrackPointExtension>
            <gpxtpx:hr>184</gpxtpx:hr>
          </gpxtpx:TrackPointExtension>
        </extensions>
      </trkpt>
      <trkpt lat="22.506156687316967" lon="113.94807900554068">
        <ele>1.0</ele>
        <time>2026-08-13T11:28:03Z</time>
        <extensions>
          <gpxtpx:TrackPointExtension>
            <gpxtpx:hr>183</gpxtpx:hr>
          </gpxtpx:TrackPointExtension>
        </extensions>
      </trkpt>
      <trkpt lat="22.50610871186227" lon="113.94806802625293">
        <ele>1.0</ele>
        <time>2026-08-13T11:28:06Z</time>
        <extensions>
          <gpxtpx:TrackPointExtension>
            <gpxtpx:hr>184</gpxtpx:hr>
          </gpxtpx:TrackPointExtension>
        </extensions>
      </trkpt>
      <trkpt lat="22.506081718765355" lon="113.94806503278109">
        <ele>1.0</ele>
        <time>2026-08-13T11:28:09Z</time>
        <extensions>
          <gpxtpx:TrackPointExtension>
            <gpxtpx:hr>184</gpxtpx:hr>
          </gpxtpx:TrackPointExtension>
        </extensions>
      </trkpt>
      <trkpt lat="22.506037730252597" lon="113.94806004359737">
        <ele>1.0</ele>
        <time>2026-08-13T11:28:12Z</time>
        <extensions>
          <gpxtpx:TrackPointExtension>
            <gpxtpx:hr>182</gpxtpx:hr>
          </gpxtpx:TrackPointExtension>
        </extensions>
      </trkpt>
      <trkpt lat="22.505993746065446" lon="113.94805305762485">
        <ele>1.0</ele>
        <time>2026-08-13T11:28:15Z</time>
        <extensions>
          <gpxtpx:TrackPointExtension>
            <gpxtpx:hr>182</gpxtpx:hr>
          </gpxtpx:TrackPointExtension>
        </extensions>
      </trkpt>
      <trkpt lat="22.505948757560372" lon="113.94804806850213">
        <ele>1.0</ele>
        <time>2026-08-13T11:28:18Z</time>
        <extensions>
          <gpxtpx:TrackPointExtension>
            <gpxtpx:hr>181</gpxtpx:hr>
          </gpxtpx:TrackPointExtension>
        </extensions>
      </trkpt>
      <trkpt lat="22.505920760142004" lon="113.94804707187977">
        <ele>1.0</ele>
        <time>2026-08-13T11:28:21Z</time>
        <extensions>
          <gpxtpx:TrackPointExtension>
            <gpxtpx:hr>179</gpxtpx:hr>
          </gpxtpx:TrackPointExtension>
        </extensions>
      </trkpt>
      <trkpt lat="22.505873765168673" lon="113.94804507806543">
        <ele>1.0</ele>
        <time>2026-08-13T11:28:24Z</time>
        <extensions>
          <gpxtpx:TrackPointExtension>
            <gpxtpx:hr>176</gpxtpx:hr>
          </gpxtpx:TrackPointExtension>
        </extensions>
      </trkpt>
      <trkpt lat="22.50582577020701" lon="113.94804308431421">
        <ele>1.0</ele>
        <time>2026-08-13T11:28:27Z</time>
        <extensions>
          <gpxtpx:TrackPointExtension>
            <gpxtpx:hr>176</gpxtpx:hr>
          </gpxtpx:TrackPointExtension>
        </extensions>
      </trkpt>
      <trkpt lat="22.505777775242134" lon="113.94804109056281">
        <ele>1.0</ele>
        <time>2026-08-13T11:28:30Z</time>
        <extensions>
          <gpxtpx:TrackPointExtension>
            <gpxtpx:hr>175</gpxtpx:hr>
          </gpxtpx:TrackPointExtension>
        </extensions>
      </trkpt>
      <trkpt lat="22.505749771324854" lon="113.94804308912333">
        <ele>1.0</ele>
        <time>2026-08-13T11:28:33Z</time>
        <extensions>
          <gpxtpx:TrackPointExtension>
            <gpxtpx:hr>175</gpxtpx:hr>
          </gpxtpx:TrackPointExtension>
        </extensions>
      </trkpt>
      <trkpt lat="22.505705761147343" lon="113.94804808387872">
        <ele>1.0</ele>
        <time>2026-08-13T11:28:36Z</time>
        <extensions>
          <gpxtpx:TrackPointExtension>
            <gpxtpx:hr>175</gpxtpx:hr>
          </gpxtpx:TrackPointExtension>
        </extensions>
      </trkpt>
      <trkpt lat="22.50565975965315" lon="113.94804908518363">
        <ele>1.0</ele>
        <time>2026-08-13T11:28:39Z</time>
        <extensions>
          <gpxtpx:TrackPointExtension>
            <gpxtpx:hr>175</gpxtpx:hr>
          </gpxtpx:TrackPointExtension>
        </extensions>
      </trkpt>
      <trkpt lat="22.505612766827838" lon="113.94804609297519">
        <ele>1.0</ele>
        <time>2026-08-13T11:28:42Z</time>
        <extensions>
          <gpxtpx:TrackPointExtension>
            <gpxtpx:hr>172</gpxtpx:hr>
          </gpxtpx:TrackPointExtension>
        </extensions>
      </trkpt>
      <trkpt lat="22.50558476723261" lon="113.94804609474696">
        <ele>1.0</ele>
        <time>2026-08-13T11:28:45Z</time>
        <extensions>
          <gpxtpx:TrackPointExtension>
            <gpxtpx:hr>168</gpxtpx:hr>
          </gpxtpx:TrackPointExtension>
        </extensions>
      </trkpt>
      <trkpt lat="22.505537763581128" lon="113.94804809450936">
        <ele>1.0</ele>
        <time>2026-08-13T11:28:48Z</time>
        <extensions>
          <gpxtpx:TrackPointExtension>
            <gpxtpx:hr>168</gpxtpx:hr>
          </gpxtpx:TrackPointExtension>
        </extensions>
      </trkpt>
      <trkpt lat="22.505492766390937" lon="113.94804709896268">
        <ele>1.0</ele>
        <time>2026-08-13T11:28:51Z</time>
        <extensions>
          <gpxtpx:TrackPointExtension>
            <gpxtpx:hr>166</gpxtpx:hr>
          </gpxtpx:TrackPointExtension>
        </extensions>
      </trkpt>
      <trkpt lat="22.5054497691695" lon="113.9480461032894">
        <ele>1.0</ele>
        <time>2026-08-13T11:28:54Z</time>
        <extensions>
          <gpxtpx:TrackPointExtension>
            <gpxtpx:hr>164</gpxtpx:hr>
          </gpxtpx:TrackPointExtension>
        </extensions>
      </trkpt>
      <trkpt lat="22.50542377170396" lon="113.94804510654036">
        <ele>1.0</ele>
        <time>2026-08-13T11:28:57Z</time>
        <extensions>
          <gpxtpx:TrackPointExtension>
            <gpxtpx:hr>162</gpxtpx:hr>
          </gpxtpx:TrackPointExtension>
        </extensions>
      </trkpt>
      <trkpt lat="22.50538077231429" lon="113.94804510926129">
        <ele>1.0</ele>
        <time>2026-08-13T11:29:00Z</time>
        <extensions>
          <gpxtpx:TrackPointExtension>
            <gpxtpx:hr>161</gpxtpx:hr>
          </gpxtpx:TrackPointExtension>
        </extensions>
      </trkpt>
      <trkpt lat="22.505334768635976" lon="113.94804710896045">
        <ele>1.0</ele>
        <time>2026-08-13T11:29:03Z</time>
        <extensions>
          <gpxtpx:TrackPointExtension>
            <gpxtpx:hr>161</gpxtpx:hr>
          </gpxtpx:TrackPointExtension>
        </extensions>
      </trkpt>
      <trkpt lat="22.505289756282966" lon="113.94805310217235">
        <ele>1.0</ele>
        <time>2026-08-13T11:29:06Z</time>
        <extensions>
          <gpxtpx:TrackPointExtension>
            <gpxtpx:hr>158</gpxtpx:hr>
          </gpxtpx:TrackPointExtension>
        </extensions>
      </trkpt>
      <trkpt lat="22.50526273934463" lon="113.94806109103136">
        <ele>1.0</ele>
        <time>2026-08-13T11:29:09Z</time>
        <extensions>
          <gpxtpx:TrackPointExtension>
            <gpxtpx:hr>158</gpxtpx:hr>
          </gpxtpx:TrackPointExtension>
        </extensions>
      </trkpt>
      <trkpt lat="22.505213709719275" lon="113.94807507163966">
        <ele>1.0</ele>
        <time>2026-08-13T11:29:12Z</time>
        <extensions>
          <gpxtpx:TrackPointExtension>
            <gpxtpx:hr>157</gpxtpx:hr>
          </gpxtpx:TrackPointExtension>
        </extensions>
      </trkpt>
      <trkpt lat="22.5051646779182" lon="113.94809005063337">
        <ele>1.0</ele>
        <time>2026-08-13T11:29:15Z</time>
        <extensions>
          <gpxtpx:TrackPointExtension>
            <gpxtpx:hr>157</gpxtpx:hr>
          </gpxtpx:TrackPointExtension>
        </extensions>
      </trkpt>
      <trkpt lat="22.505117641745883" lon="113.94810702627625">
        <ele>1.0</ele>
        <time>2026-08-13T11:29:18Z</time>
        <extensions>
          <gpxtpx:TrackPointExtension>
            <gpxtpx:hr>157</gpxtpx:hr>
          </gpxtpx:TrackPointExtension>
        </extensions>
      </trkpt>
      <trkpt lat="22.505089616133404" lon="113.94811900874903">
        <ele>1.0</ele>
        <time>2026-08-13T11:29:21Z</time>
        <extensions>
          <gpxtpx:TrackPointExtension>
            <gpxtpx:hr>157</gpxtpx:hr>
          </gpxtpx:TrackPointExtension>
        </extensions>
      </trkpt>
      <trkpt lat="22.505039579980497" lon="113.94813598456358">
        <ele>1.0</ele>
        <time>2026-08-13T11:29:24Z</time>
        <extensions>
          <gpxtpx:TrackPointExtension>
            <gpxtpx:hr>155</gpxtpx:hr>
          </gpxtpx:TrackPointExtension>
        </extensions>
      </trkpt>
      <trkpt lat="22.504987548177382" lon="113.94815096371342">
        <ele>1.0</ele>
        <time>2026-08-13T11:29:27Z</time>
        <extensions>
          <gpxtpx:TrackPointExtension>
            <gpxtpx:hr>153</gpxtpx:hr>
          </gpxtpx:TrackPointExtension>
        </extensions>
      </trkpt>
      <trkpt lat="22.504934525049755" lon="113.94816194935876">
        <ele>1.0</ele>
        <time>2026-08-13T11:29:30Z</time>
        <extensions>
          <gpxtpx:TrackPointExtension>
            <gpxtpx:hr>153</gpxtpx:hr>
          </gpxtpx:TrackPointExtension>
        </extensions>
      </trkpt>
      <trkpt lat="22.504901512486686" lon="113.94816794178594">
        <ele>1.0</ele>
        <time>2026-08-13T11:29:33Z</time>
        <extensions>
          <gpxtpx:TrackPointExtension>
            <gpxtpx:hr>150</gpxtpx:hr>
          </gpxtpx:TrackPointExtension>
        </extensions>
      </trkpt>
      <trkpt lat="22.504850491488433" lon="113.9481779289085">
        <ele>1.0</ele>
        <time>2026-08-13T11:29:36Z</time>
        <extensions>
          <gpxtpx:TrackPointExtension>
            <gpxtpx:hr>150</gpxtpx:hr>
          </gpxtpx:TrackPointExtension>
        </extensions>
      </trkpt>
      <trkpt lat="22.504802466104717" lon="113.94818991261548">
        <ele>1.0</ele>
        <time>2026-08-13T11:29:39Z</time>
        <extensions>
          <gpxtpx:TrackPointExtension>
            <gpxtpx:hr>152</gpxtpx:hr>
          </gpxtpx:TrackPointExtension>
        </extensions>
      </trkpt>
      <trkpt lat="22.504755442869243" lon="113.94820089786538">
        <ele>1.0</ele>
        <time>2026-08-13T11:29:42Z</time>
        <extensions>
          <gpxtpx:TrackPointExtension>
            <gpxtpx:hr>152</gpxtpx:hr>
          </gpxtpx:TrackPointExtension>
        </extensions>
      </trkpt>
      <trkpt lat="22.504728425870802" lon="113.94820888668077">
        <ele>1.0</ele>
        <time>2026-08-13T11:29:45Z</time>
        <extensions>
          <gpxtpx:TrackPointExtension>
            <gpxtpx:hr>152</gpxtpx:hr>
          </gpxtpx:TrackPointExtension>
        </extensions>
      </trkpt>
      <trkpt lat="22.504681391771793" lon="113.9482248638616">
        <ele>1.0</ele>
        <time>2026-08-13T11:29:48Z</time>
        <extensions>
          <gpxtpx:TrackPointExtension>
            <gpxtpx:hr>151</gpxtpx:hr>
          </gpxtpx:TrackPointExtension>
        </extensions>
      </trkpt>
      <trkpt lat="22.50463635763467" lon="113.94824084090645">
        <ele>1.0</ele>
        <time>2026-08-13T11:29:51Z</time>
        <extensions>
          <gpxtpx:TrackPointExtension>
            <gpxtpx:hr>151</gpxtpx:hr>
          </gpxtpx:TrackPointExtension>
        </extensions>
      </trkpt>
      <trkpt lat="22.504590321327594" lon="113.94825781639162">
        <ele>1.0</ele>
        <time>2026-08-13T11:29:54Z</time>
        <extensions>
          <gpxtpx:TrackPointExtension>
            <gpxtpx:hr>151</gpxtpx:hr>
          </gpxtpx:TrackPointExtension>
        </extensions>
      </trkpt>
      <trkpt lat="22.50456229997683" lon="113.94826780202571">
        <ele>1.0</ele>
        <time>2026-08-13T11:29:57Z</time>
        <extensions>
          <gpxtpx:TrackPointExtension>
            <gpxtpx:hr>152</gpxtpx:hr>
          </gpxtpx:TrackPointExtension>
        </extensions>
      </trkpt>
      <trkpt lat="22.504514268020337" lon="113.94828278084962">
        <ele>1.0</ele>
        <time>2026-08-13T11:30:00Z</time>
        <extensions>
          <gpxtpx:TrackPointExtension>
            <gpxtpx:hr>154</gpxtpx:hr>
          </gpxtpx:TrackPointExtension>
        </extensions>
      </trkpt>
      <trkpt lat="22.504469227322154" lon="113.94830175301496">
        <ele>1.0</ele>
        <time>2026-08-13T11:30:03Z</time>
        <extensions>
          <gpxtpx:TrackPointExtension>
            <gpxtpx:hr>154</gpxtpx:hr>
          </gpxtpx:TrackPointExtension>
        </extensions>
      </trkpt>
      <trkpt lat="22.504425186595956" lon="113.94832072510373">
        <ele>1.0</ele>
        <time>2026-08-13T11:30:06Z</time>
        <extensions>
          <gpxtpx:TrackPointExtension>
            <gpxtpx:hr>153</gpxtpx:hr>
          </gpxtpx:TrackPointExtension>
        </extensions>
      </trkpt>
      <trkpt lat="22.5044001586564" lon="113.94833370567589">
        <ele>1.0</ele>
        <time>2026-08-13T11:30:09Z</time>
        <extensions>
          <gpxtpx:TrackPointExtension>
            <gpxtpx:hr>152</gpxtpx:hr>
          </gpxtpx:TrackPointExtension>
        </extensions>
      </trkpt>
      <trkpt lat="22.50435410923123" lon="113.9483566714003">
        <ele>1.0</ele>
        <time>2026-08-13T11:30:12Z</time>
        <extensions>
          <gpxtpx:TrackPointExtension>
            <gpxtpx:hr>153</gpxtpx:hr>
          </gpxtpx:TrackPointExtension>
        </extensions>
      </trkpt>
      <trkpt lat="22.5043080641365" lon="113.94837764034138">
        <ele>1.0</ele>
        <time>2026-08-13T11:30:15Z</time>
        <extensions>
          <gpxtpx:TrackPointExtension>
            <gpxtpx:hr>153</gpxtpx:hr>
          </gpxtpx:TrackPointExtension>
        </extensions>
      </trkpt>
      <trkpt lat="22.504268029829344" lon="113.94839361697996">
        <ele>1.0</ele>
        <time>2026-08-13T11:30:18Z</time>
        <extensions>
          <gpxtpx:TrackPointExtension>
            <gpxtpx:hr>153</gpxtpx:hr>
          </gpxtpx:TrackPointExtension>
        </extensions>
      </trkpt>
      <trkpt lat="22.504247010507793" lon="113.94840260374009">
        <ele>1.0</ele>
        <time>2026-08-13T11:30:21Z</time>
        <extensions>
          <gpxtpx:TrackPointExtension>
            <gpxtpx:hr>153</gpxtpx:hr>
          </gpxtpx:TrackPointExtension>
        </extensions>
      </trkpt>
      <trkpt lat="22.504205963133032" lon="113.94842457070965">
        <ele>1.0</ele>
        <time>2026-08-13T11:30:24Z</time>
        <extensions>
          <gpxtpx:TrackPointExtension>
            <gpxtpx:hr>152</gpxtpx:hr>
          </gpxtpx:TrackPointExtension>
        </extensions>
      </trkpt>
      <trkpt lat="22.504152894107506" lon="113.94845652221373">
        <ele>1.0</ele>
        <time>2026-08-13T11:30:27Z</time>
        <extensions>
          <gpxtpx:TrackPointExtension>
            <gpxtpx:hr>152</gpxtpx:hr>
          </gpxtpx:TrackPointExtension>
        </extensions>
      </trkpt>
      <trkpt lat="22.504089816449287" lon="113.94849246782452">
        <ele>1.0</ele>
        <time>2026-08-13T11:30:30Z</time>
        <extensions>
          <gpxtpx:TrackPointExtension>
            <gpxtpx:hr>151</gpxtpx:hr>
          </gpxtpx:TrackPointExtension>
        </extensions>
      </trkpt>
      <trkpt lat="22.504048771178336" lon="113.94851343634451">
        <ele>1.0</ele>
        <time>2026-08-13T11:30:33Z</time>
        <extensions>
          <gpxtpx:TrackPointExtension>
            <gpxtpx:hr>152</gpxtpx:hr>
          </gpxtpx:TrackPointExtension>
        </extensions>
      </trkpt>
      <trkpt lat="22.503982697841" lon="113.94854738531853">
        <ele>1.0</ele>
        <time>2026-08-13T11:30:36Z</time>
        <extensions>
          <gpxtpx:TrackPointExtension>
            <gpxtpx:hr>150</gpxtpx:hr>
          </gpxtpx:TrackPointExtension>
        </extensions>
      </trkpt>
      <trkpt lat="22.503917628811323" lon="113.94857933743783">
        <ele>1.0</ele>
        <time>2026-08-13T11:30:39Z</time>
        <extensions>
          <gpxtpx:TrackPointExtension>
            <gpxtpx:hr>149</gpxtpx:hr>
          </gpxtpx:TrackPointExtension>
        </extensions>
      </trkpt>
      <trkpt lat="22.503855555337022" lon="113.94861328607665">
        <ele>1.0</ele>
        <time>2026-08-13T11:30:42Z</time>
        <extensions>
          <gpxtpx:TrackPointExtension>
            <gpxtpx:hr>150</gpxtpx:hr>
          </gpxtpx:TrackPointExtension>
        </extensions>
      </trkpt>
      <trkpt lat="22.503819503352116" lon="113.9486372493049">
        <ele>1.0</ele>
        <time>2026-08-13T11:30:45Z</time>
        <extensions>
          <gpxtpx:TrackPointExtension>
            <gpxtpx:hr>150</gpxtpx:hr>
          </gpxtpx:TrackPointExtension>
        </extensions>
      </trkpt>
      <trkpt lat="22.5037544429522" lon="113.94866520783337">
        <ele>1.0</ele>
        <time>2026-08-13T11:30:48Z</time>
        <extensions>
          <gpxtpx:TrackPointExtension>
            <gpxtpx:hr>150</gpxtpx:hr>
          </gpxtpx:TrackPointExtension>
        </extensions>
      </trkpt>
      <trkpt lat="22.503687395662155" lon="113.94868717623649">
        <ele>1.0</ele>
        <time>2026-08-13T11:30:51Z</time>
        <extensions>
          <gpxtpx:TrackPointExtension>
            <gpxtpx:hr>152</gpxtpx:hr>
          </gpxtpx:TrackPointExtension>
        </extensions>
      </trkpt>
      <trkpt lat="22.503620339601" lon="113.94871313810108">
        <ele>1.0</ele>
        <time>2026-08-13T11:30:54Z</time>
        <extensions>
          <gpxtpx:TrackPointExtension>
            <gpxtpx:hr>154</gpxtpx:hr>
          </gpxtpx:TrackPointExtension>
        </extensions>
      </trkpt>
      <trkpt lat="22.503581305061125" lon="113.94872911447972">
        <ele>1.0</ele>
        <time>2026-08-13T11:30:57Z</time>
        <extensions>
          <gpxtpx:TrackPointExtension>
            <gpxtpx:hr>156</gpxtpx:hr>
          </gpxtpx:TrackPointExtension>
        </extensions>
      </trkpt>
      <trkpt lat="22.503519244517417" lon="113.94875707272433">
        <ele>1.0</ele>
        <time>2026-08-13T11:31:00Z</time>
        <extensions>
          <gpxtpx:TrackPointExtension>
            <gpxtpx:hr>156</gpxtpx:hr>
          </gpxtpx:TrackPointExtension>
        </extensions>
      </trkpt>
      <trkpt lat="22.503459188297853" lon="113.94878303407955">
        <ele>1.0</ele>
        <time>2026-08-13T11:31:03Z</time>
        <extensions>
          <gpxtpx:TrackPointExtension>
            <gpxtpx:hr>157</gpxtpx:hr>
          </gpxtpx:TrackPointExtension>
        </extensions>
      </trkpt>
      <trkpt lat="22.503394149630797" lon="113.94880100879574">
        <ele>1.0</ele>
        <time>2026-08-13T11:31:06Z</time>
        <extensions>
          <gpxtpx:TrackPointExtension>
            <gpxtpx:hr>158</gpxtpx:hr>
          </gpxtpx:TrackPointExtension>
        </extensions>
      </trkpt>
      <trkpt lat="22.50335513474651" lon="113.94880799982833">
        <ele>1.0</ele>
        <time>2026-08-13T11:31:09Z</time>
        <extensions>
          <gpxtpx:TrackPointExtension>
            <gpxtpx:hr>160</gpxtpx:hr>
          </gpxtpx:TrackPointExtension>
        </extensions>
      </trkpt>
      <trkpt lat="22.5032871070441" lon="113.94882098288959">
        <ele>1.0</ele>
        <time>2026-08-13T11:31:12Z</time>
        <extensions>
          <gpxtpx:TrackPointExtension>
            <gpxtpx:hr>161</gpxtpx:hr>
          </gpxtpx:TrackPointExtension>
        </extensions>
      </trkpt>
      <trkpt lat="22.503222061764074" lon="113.94884195267605">
        <ele>1.0</ele>
        <time>2026-08-13T11:31:15Z</time>
        <extensions>
          <gpxtpx:TrackPointExtension>
            <gpxtpx:hr>162</gpxtpx:hr>
          </gpxtpx:TrackPointExtension>
        </extensions>
      </trkpt>
      <trkpt lat="22.503163996652585" lon="113.94887190728016">
        <ele>1.0</ele>
        <time>2026-08-13T11:31:18Z</time>
        <extensions>
          <gpxtpx:TrackPointExtension>
            <gpxtpx:hr>163</gpxtpx:hr>
          </gpxtpx:TrackPointExtension>
        </extensions>
      </trkpt>
      <trkpt lat="22.503122972989896" lon="113.94888289187556">
        <ele>1.0</ele>
        <time>2026-08-13T11:31:21Z</time>
        <extensions>
          <gpxtpx:TrackPointExtension>
            <gpxtpx:hr>163</gpxtpx:hr>
          </gpxtpx:TrackPointExtension>
        </extensions>
      </trkpt>
      <trkpt lat="22.503048951879713" lon="113.94889288019175">
        <ele>1.0</ele>
        <time>2026-08-13T11:31:24Z</time>
        <extensions>
          <gpxtpx:TrackPointExtension>
            <gpxtpx:hr>164</gpxtpx:hr>
          </gpxtpx:TrackPointExtension>
        </extensions>
      </trkpt>
      <trkpt lat="22.502977921950883" lon="113.9489068617653">
        <ele>1.0</ele>
        <time>2026-08-13T11:31:27Z</time>
        <extensions>
          <gpxtpx:TrackPointExtension>
            <gpxtpx:hr>164</gpxtpx:hr>
          </gpxtpx:TrackPointExtension>
        </extensions>
      </trkpt>
      <trkpt lat="22.502908889792586" lon="113.94892184156727">
        <ele>1.0</ele>
        <time>2026-08-13T11:31:30Z</time>
        <extensions>
          <gpxtpx:TrackPointExtension>
            <gpxtpx:hr>164</gpxtpx:hr>
          </gpxtpx:TrackPointExtension>
        </extensions>
      </trkpt>
      <trkpt lat="22.502866872691992" lon="113.94892983112071">
        <ele>1.0</ele>
        <time>2026-08-13T11:31:33Z</time>
        <extensions>
          <gpxtpx:TrackPointExtension>
            <gpxtpx:hr>165</gpxtpx:hr>
          </gpxtpx:TrackPointExtension>
        </extensions>
      </trkpt>
      <trkpt lat="22.502797847096932" lon="113.9489418158262">
        <ele>1.0</ele>
        <time>2026-08-13T11:31:36Z</time>
        <extensions>
          <gpxtpx:TrackPointExtension>
            <gpxtpx:hr>165</gpxtpx:hr>
          </gpxtpx:TrackPointExtension>
        </extensions>
      </trkpt>
      <trkpt lat="22.50272882807675" lon="113.94895080544352">
        <ele>1.0</ele>
        <time>2026-08-13T11:31:39Z</time>
        <extensions>
          <gpxtpx:TrackPointExtension>
            <gpxtpx:hr>166</gpxtpx:hr>
          </gpxtpx:TrackPointExtension>
        </extensions>
      </trkpt>
      <trkpt lat="22.502660809036914" lon="113.94895979499461">
        <ele>1.0</ele>
        <time>2026-08-13T11:31:42Z</time>
        <extensions>
          <gpxtpx:TrackPointExtension>
            <gpxtpx:hr>167</gpxtpx:hr>
          </gpxtpx:TrackPointExtension>
        </extensions>
      </trkpt>
      <trkpt lat="22.50262078091113" lon="113.9489727762121">
        <ele>1.0</ele>
        <time>2026-08-13T11:31:45Z</time>
        <extensions>
          <gpxtpx:TrackPointExtension>
            <gpxtpx:hr>167</gpxtpx:hr>
          </gpxtpx:TrackPointExtension>
        </extensions>
      </trkpt>
      <trkpt lat="22.502557713474065" lon="113.9490037293489">
        <ele>1.0</ele>
        <time>2026-08-13T11:31:48Z</time>
        <extensions>
          <gpxtpx:TrackPointExtension>
            <gpxtpx:hr>166</gpxtpx:hr>
          </gpxtpx:TrackPointExtension>
        </extensions>
      </trkpt>
      <trkpt lat="22.50249563499732" lon="113.94903967417702">
        <ele>1.0</ele>
        <time>2026-08-13T11:31:51Z</time>
        <extensions>
          <gpxtpx:TrackPointExtension>
            <gpxtpx:hr>167</gpxtpx:hr>
          </gpxtpx:TrackPointExtension>
        </extensions>
      </trkpt>
      <trkpt lat="22.502431571888067" lon="113.94906863058826">
        <ele>1.0</ele>
        <time>2026-08-13T11:31:54Z</time>
        <extensions>
          <gpxtpx:TrackPointExtension>
            <gpxtpx:hr>167</gpxtpx:hr>
          </gpxtpx:TrackPointExtension>
        </extensions>
      </trkpt>
      <trkpt lat="22.502391548101343" lon="113.94907961504168">
        <ele>1.0</ele>
        <time>2026-08-13T11:31:57Z</time>
        <extensions>
          <gpxtpx:TrackPointExtension>
            <gpxtpx:hr>168</gpxtpx:hr>
          </gpxtpx:TrackPointExtension>
        </extensions>
      </trkpt>
      <trkpt lat="22.502323524591283" lon="113.94909060126264">
        <ele>1.0</ele>
        <time>2026-08-13T11:32:00Z</time>
        <extensions>
          <gpxtpx:TrackPointExtension>
            <gpxtpx:hr>168</gpxtpx:hr>
          </gpxtpx:TrackPointExtension>
        </extensions>
      </trkpt>
      <trkpt lat="22.502254523083888" lon="113.94909160398508">
        <ele>1.0</ele>
        <time>2026-08-13T11:32:03Z</time>
        <extensions>
          <gpxtpx:TrackPointExtension>
            <gpxtpx:hr>168</gpxtpx:hr>
          </gpxtpx:TrackPointExtension>
        </extensions>
      </trkpt>
      <trkpt lat="22.502185543569997" lon="113.94908262314682">
        <ele>1.0</ele>
        <time>2026-08-13T11:32:06Z</time>
        <extensions>
          <gpxtpx:TrackPointExtension>
            <gpxtpx:hr>169</gpxtpx:hr>
          </gpxtpx:TrackPointExtension>
        </extensions>
      </trkpt>
      <trkpt lat="22.50214357038006" lon="113.94907064552707">
        <ele>1.0</ele>
        <time>2026-08-13T11:32:09Z</time>
        <extensions>
          <gpxtpx:TrackPointExtension>
            <gpxtpx:hr>173</gpxtpx:hr>
          </gpxtpx:TrackPointExtension>
        </extensions>
      </trkpt>
      <trkpt lat="22.50207863038889" lon="113.94904369399666">
        <ele>1.0</ele>
        <time>2026-08-13T11:32:12Z</time>
        <extensions>
          <gpxtpx:TrackPointExtension>
            <gpxtpx:hr>174</gpxtpx:hr>
          </gpxtpx:TrackPointExtension>
        </extensions>
      </trkpt>
      <trkpt lat="22.502017705710784" lon="113.94900975367513">
        <ele>1.0</ele>
        <time>2026-08-13T11:32:15Z</time>
        <extensions>
          <gpxtpx:TrackPointExtension>
            <gpxtpx:hr>174</gpxtpx:hr>
          </gpxtpx:TrackPointExtension>
        </extensions>
      </trkpt>
      <trkpt lat="22.50195677879217" lon="113.94897681167161">
        <ele>1.0</ele>
        <time>2026-08-13T11:32:18Z</time>
        <extensions>
          <gpxtpx:TrackPointExtension>
            <gpxtpx:hr>175</gpxtpx:hr>
          </gpxtpx:TrackPointExtension>
        </extensions>
      </trkpt>
      <trkpt lat="22.501916807722807" lon="113.94896383551838">
        <ele>1.0</ele>
        <time>2026-08-13T11:32:21Z</time>
        <extensions>
          <gpxtpx:TrackPointExtension>
            <gpxtpx:hr>176</gpxtpx:hr>
          </gpxtpx:TrackPointExtension>
        </extensions>
      </trkpt>
      <trkpt lat="22.50184783033401" lon="113.94895385627713">
        <ele>1.0</ele>
        <time>2026-08-13T11:32:24Z</time>
        <extensions>
          <gpxtpx:TrackPointExtension>
            <gpxtpx:hr>178</gpxtpx:hr>
          </gpxtpx:TrackPointExtension>
        </extensions>
      </trkpt>
      <trkpt lat="22.50177983975493" lon="113.9489498671361">
        <ele>1.0</ele>
        <time>2026-08-13T11:32:27Z</time>
        <extensions>
          <gpxtpx:TrackPointExtension>
            <gpxtpx:hr>178</gpxtpx:hr>
          </gpxtpx:TrackPointExtension>
        </extensions>
      </trkpt>
      <trkpt lat="22.501712846964686" lon="113.9489468762924">
        <ele>1.0</ele>
        <time>2026-08-13T11:32:30Z</time>
        <extensions>
          <gpxtpx:TrackPointExtension>
            <gpxtpx:hr>178</gpxtpx:hr>
          </gpxtpx:TrackPointExtension>
        </extensions>
      </trkpt>
      <trkpt lat="22.501672871479432" lon="113.94893589684817">
        <ele>1.0</ele>
        <time>2026-08-13T11:32:33Z</time>
        <extensions>
          <gpxtpx:TrackPointExtension>
            <gpxtpx:hr>179</gpxtpx:hr>
          </gpxtpx:TrackPointExtension>
        </extensions>
      </trkpt>
      <trkpt lat="22.501602916010786" lon="113.94891593403842">
        <ele>1.0</ele>
        <time>2026-08-13T11:32:36Z</time>
        <extensions>
          <gpxtpx:TrackPointExtension>
            <gpxtpx:hr>179</gpxtpx:hr>
          </gpxtpx:TrackPointExtension>
        </extensions>
      </trkpt>
      <trkpt lat="22.501536956098857" lon="113.94889796768699">
        <ele>1.0</ele>
        <time>2026-08-13T11:32:39Z</time>
        <extensions>
          <gpxtpx:TrackPointExtension>
            <gpxtpx:hr>179</gpxtpx:hr>
          </gpxtpx:TrackPointExtension>
        </extensions>
      </trkpt>
      <trkpt lat="22.50147299615217" lon="113.94888000119714">
        <ele>1.0</ele>
        <time>2026-08-13T11:32:42Z</time>
        <extensions>
          <gpxtpx:TrackPointExtension>
            <gpxtpx:hr>177</gpxtpx:hr>
          </gpxtpx:TrackPointExtension>
        </extensions>
      </trkpt>
      <trkpt lat="22.50143002723309" lon="113.94886602682354">
        <ele>1.0</ele>
        <time>2026-08-13T11:32:45Z</time>
        <extensions>
          <gpxtpx:TrackPointExtension>
            <gpxtpx:hr>178</gpxtpx:hr>
          </gpxtpx:TrackPointExtension>
        </extensions>
      </trkpt>
      <trkpt lat="22.50135906731921" lon="113.9488480607556">
        <ele>1.0</ele>
        <time>2026-08-13T11:32:48Z</time>
        <extensions>
          <gpxtpx:TrackPointExtension>
            <gpxtpx:hr>179</gpxtpx:hr>
          </gpxtpx:TrackPointExtension>
        </extensions>
      </trkpt>
      <trkpt lat="22.501292109543908" lon="113.94882909605718">
        <ele>1.0</ele>
        <time>2026-08-13T11:32:51Z</time>
        <extensions>
          <gpxtpx:TrackPointExtension>
            <gpxtpx:hr>179</gpxtpx:hr>
          </gpxtpx:TrackPointExtension>
        </extensions>
      </trkpt>
      <trkpt lat="22.50122415394941" lon="113.94880913304264">
        <ele>1.0</ele>
        <time>2026-08-13T11:32:54Z</time>
        <extensions>
          <gpxtpx:TrackPointExtension>
            <gpxtpx:hr>179</gpxtpx:hr>
          </gpxtpx:TrackPointExtension>
        </extensions>
      </trkpt>
      <trkpt lat="22.501184182766398" lon="113.94879615680956">
        <ele>1.0</ele>
        <time>2026-08-13T11:32:57Z</time>
        <extensions>
          <gpxtpx:TrackPointExtension>
            <gpxtpx:hr>180</gpxtpx:hr>
          </gpxtpx:TrackPointExtension>
        </extensions>
      </trkpt>
      <trkpt lat="22.501118233690523" lon="113.94877319854184">
        <ele>1.0</ele>
        <time>2026-08-13T11:33:00Z</time>
        <extensions>
          <gpxtpx:TrackPointExtension>
            <gpxtpx:hr>180</gpxtpx:hr>
          </gpxtpx:TrackPointExtension>
        </extensions>
      </trkpt>
      <trkpt lat="22.501054286762443" lon="113.9487492417598">
        <ele>1.0</ele>
        <time>2026-08-13T11:33:03Z</time>
        <extensions>
          <gpxtpx:TrackPointExtension>
            <gpxtpx:hr>180</gpxtpx:hr>
          </gpxtpx:TrackPointExtension>
        </extensions>
      </trkpt>
      <trkpt lat="22.500991339800898" lon="113.9487252848934">
        <ele>1.0</ele>
        <time>2026-08-13T11:33:06Z</time>
        <extensions>
          <gpxtpx:TrackPointExtension>
            <gpxtpx:hr>181</gpxtpx:hr>
          </gpxtpx:TrackPointExtension>
        </extensions>
      </trkpt>
      <trkpt lat="22.500953375112978" lon="113.94870931338431">
        <ele>1.0</ele>
        <time>2026-08-13T11:33:09Z</time>
        <extensions>
          <gpxtpx:TrackPointExtension>
            <gpxtpx:hr>180</gpxtpx:hr>
          </gpxtpx:TrackPointExtension>
        </extensions>
      </trkpt>
      <trkpt lat="22.500886436887495" lon="113.9486813632525">
        <ele>1.0</ele>
        <time>2026-08-13T11:33:12Z</time>
        <extensions>
          <gpxtpx:TrackPointExtension>
            <gpxtpx:hr>181</gpxtpx:hr>
          </gpxtpx:TrackPointExtension>
        </extensions>
      </trkpt>
      <trkpt lat="22.500819498629188" lon="113.94865341309198">
        <ele>1.0</ele>
        <time>2026-08-13T11:33:15Z</time>
        <extensions>
          <gpxtpx:TrackPointExtension>
            <gpxtpx:hr>182</gpxtpx:hr>
          </gpxtpx:TrackPointExtension>
        </extensions>
      </trkpt>
      <trkpt lat="22.500754564690403" lon="113.94862346603018">
        <ele>1.0</ele>
        <time>2026-08-13T11:33:18Z</time>
        <extensions>
          <gpxtpx:TrackPointExtension>
            <gpxtpx:hr>180</gpxtpx:hr>
          </gpxtpx:TrackPointExtension>
        </extensions>
      </trkpt>
      <trkpt lat="22.500717608660704" lon="113.94860350090327">
        <ele>1.0</ele>
        <time>2026-08-13T11:33:21Z</time>
        <extensions>
          <gpxtpx:TrackPointExtension>
            <gpxtpx:hr>180</gpxtpx:hr>
          </gpxtpx:TrackPointExtension>
        </extensions>
      </trkpt>
      <trkpt lat="22.50065468773985" lon="113.9485675634101">
        <ele>1.0</ele>
        <time>2026-08-13T11:33:24Z</time>
        <extensions>
          <gpxtpx:TrackPointExtension>
            <gpxtpx:hr>180</gpxtpx:hr>
          </gpxtpx:TrackPointExtension>
        </extensions>
      </trkpt>
      <trkpt lat="22.50059276894246" lon="113.94853062742969">
        <ele>1.0</ele>
        <time>2026-08-13T11:33:27Z</time>
        <extensions>
          <gpxtpx:TrackPointExtension>
            <gpxtpx:hr>180</gpxtpx:hr>
          </gpxtpx:TrackPointExtension>
        </extensions>
      </trkpt>
      <trkpt lat="22.500530850092986" lon="113.94849369139908">
        <ele>1.0</ele>
        <time>2026-08-13T11:33:30Z</time>
        <extensions>
          <gpxtpx:TrackPointExtension>
            <gpxtpx:hr>180</gpxtpx:hr>
          </gpxtpx:TrackPointExtension>
        </extensions>
      </trkpt>
      <trkpt lat="22.50049390267874" lon="113.94846973266236">
        <ele>1.0</ele>
        <time>2026-08-13T11:33:33Z</time>
        <extensions>
          <gpxtpx:TrackPointExtension>
            <gpxtpx:hr>180</gpxtpx:hr>
          </gpxtpx:TrackPointExtension>
        </extensions>
      </trkpt>
      <trkpt lat="22.500431985921164" lon="113.94843179816883">
        <ele>1.0</ele>
        <time>2026-08-13T11:33:36Z</time>
        <extensions>
          <gpxtpx:TrackPointExtension>
            <gpxtpx:hr>180</gpxtpx:hr>
          </gpxtpx:TrackPointExtension>
        </extensions>
      </trkpt>
      <trkpt lat="22.500370069108858" lon="113.94839386362221">
        <ele>1.0</ele>
        <time>2026-08-13T11:33:39Z</time>
        <extensions>
          <gpxtpx:TrackPointExtension>
            <gpxtpx:hr>180</gpxtpx:hr>
          </gpxtpx:TrackPointExtension>
        </extensions>
      </trkpt>
      <trkpt lat="22.50030914788447" lon="113.94835792572489">
        <ele>1.0</ele>
        <time>2026-08-13T11:33:42Z</time>
        <extensions>
          <gpxtpx:TrackPointExtension>
            <gpxtpx:hr>180</gpxtpx:hr>
          </gpxtpx:TrackPointExtension>
        </extensions>
      </trkpt>
      <trkpt lat="22.500273198165576" lon="113.94833496518861">
        <ele>1.0</ele>
        <time>2026-08-13T11:33:45Z</time>
        <extensions>
          <gpxtpx:TrackPointExtension>
            <gpxtpx:hr>180</gpxtpx:hr>
          </gpxtpx:TrackPointExtension>
        </extensions>
      </trkpt>
      <trkpt lat="22.500212283378982" lon="113.9482960320581">
        <ele>1.0</ele>
        <time>2026-08-13T11:33:48Z</time>
        <extensions>
          <gpxtpx:TrackPointExtension>
            <gpxtpx:hr>180</gpxtpx:hr>
          </gpxtpx:TrackPointExtension>
        </extensions>
      </trkpt>
      <trkpt lat="22.500154361998792" lon="113.94826009384114">
        <ele>1.0</ele>
        <time>2026-08-13T11:33:51Z</time>
        <extensions>
          <gpxtpx:TrackPointExtension>
            <gpxtpx:hr>180</gpxtpx:hr>
          </gpxtpx:TrackPointExtension>
        </extensions>
      </trkpt>
      <trkpt lat="22.500100451392534" lon="113.9482191633843">
        <ele>1.0</ele>
        <time>2026-08-13T11:33:54Z</time>
        <extensions>
          <gpxtpx:TrackPointExtension>
            <gpxtpx:hr>179</gpxtpx:hr>
          </gpxtpx:TrackPointExtension>
        </extensions>
      </trkpt>
      <trkpt lat="22.50006951453409" lon="113.94819021208075">
        <ele>1.0</ele>
        <time>2026-08-13T11:33:57Z</time>
        <extensions>
          <gpxtpx:TrackPointExtension>
            <gpxtpx:hr>180</gpxtpx:hr>
          </gpxtpx:TrackPointExtension>
        </extensions>
      </trkpt>
      <trkpt lat="22.500014623338586" lon="113.94814029606547">
        <ele>1.0</ele>
        <time>2026-08-13T11:34:00Z</time>
        <extensions>
          <gpxtpx:TrackPointExtension>
            <gpxtpx:hr>180</gpxtpx:hr>
          </gpxtpx:TrackPointExtension>
        </extensions>
      </trkpt>
      <trkpt lat="22.499958729893923" lon="113.94809137841386">
        <ele>1.0</ele>
        <time>2026-08-13T11:34:03Z</time>
        <extensions>
          <gpxtpx:TrackPointExtension>
            <gpxtpx:hr>180</gpxtpx:hr>
          </gpxtpx:TrackPointExtension>
        </extensions>
      </trkpt>
      <trkpt lat="22.499904840676606" lon="113.94804046375815">
        <ele>1.0</ele>
        <time>2026-08-13T11:34:06Z</time>
        <extensions>
          <gpxtpx:TrackPointExtension>
            <gpxtpx:hr>181</gpxtpx:hr>
          </gpxtpx:TrackPointExtension>
        </extensions>
      </trkpt>
      <trkpt lat="22.499872907963674" lon="113.948009515535">
        <ele>1.0</ele>
        <time>2026-08-13T11:34:09Z</time>
        <extensions>
          <gpxtpx:TrackPointExtension>
            <gpxtpx:hr>182</gpxtpx:hr>
          </gpxtpx:TrackPointExtension>
        </extensions>
      </trkpt>
      <trkpt lat="22.49982001642765" lon="113.94795959905898">
        <ele>1.0</ele>
        <time>2026-08-13T11:34:12Z</time>
        <extensions>
          <gpxtpx:TrackPointExtension>
            <gpxtpx:hr>182</gpxtpx:hr>
          </gpxtpx:TrackPointExtension>
        </extensions>
      </trkpt>
      <trkpt lat="22.499768120475615" lon="113.9479116792258">
        <ele>1.0</ele>
        <time>2026-08-13T11:34:15Z</time>
        <extensions>
          <gpxtpx:TrackPointExtension>
            <gpxtpx:hr>182</gpxtpx:hr>
          </gpxtpx:TrackPointExtension>
        </extensions>
      </trkpt>
      <trkpt lat="22.499715222288852" lon="113.94786475777163">
        <ele>1.0</ele>
        <time>2026-08-13T11:34:18Z</time>
        <extensions>
          <gpxtpx:TrackPointExtension>
            <gpxtpx:hr>182</gpxtpx:hr>
          </gpxtpx:TrackPointExtension>
        </extensions>
      </trkpt>
      <trkpt lat="22.499683282908173" lon="113.9478368045529">
        <ele>1.0</ele>
        <time>2026-08-13T11:34:21Z</time>
        <extensions>
          <gpxtpx:TrackPointExtension>
            <gpxtpx:hr>181</gpxtpx:hr>
          </gpxtpx:TrackPointExtension>
        </extensions>
      </trkpt>
      <trkpt lat="22.499629380288937" lon="113.94779187983886">
        <ele>1.0</ele>
        <time>2026-08-13T11:34:24Z</time>
        <extensions>
          <gpxtpx:TrackPointExtension>
            <gpxtpx:hr>182</gpxtpx:hr>
          </gpxtpx:TrackPointExtension>
        </extensions>
      </trkpt>
      <trkpt lat="22.49957547974939" lon="113.9477459566443">
        <ele>1.0</ele>
        <time>2026-08-13T11:34:27Z</time>
        <extensions>
          <gpxtpx:TrackPointExtension>
            <gpxtpx:hr>181</gpxtpx:hr>
          </gpxtpx:TrackPointExtension>
        </extensions>
      </trkpt>
      <trkpt lat="22.499519574840647" lon="113.94770203031187">
        <ele>1.0</ele>
        <time>2026-08-13T11:34:30Z</time>
        <extensions>
          <gpxtpx:TrackPointExtension>
            <gpxtpx:hr>181</gpxtpx:hr>
          </gpxtpx:TrackPointExtension>
        </extensions>
      </trkpt>
      <trkpt lat="22.499484628857953" lon="113.9476770723377">
        <ele>1.0</ele>
        <time>2026-08-13T11:34:33Z</time>
        <extensions>
          <gpxtpx:TrackPointExtension>
            <gpxtpx:hr>180</gpxtpx:hr>
          </gpxtpx:TrackPointExtension>
        </extensions>
      </trkpt>
      <trkpt lat="22.499427717393278" lon="113.94763614118445">
        <ele>1.0</ele>
        <time>2026-08-13T11:34:36Z</time>
        <extensions>
          <gpxtpx:TrackPointExtension>
            <gpxtpx:hr>179</gpxtpx:hr>
          </gpxtpx:TrackPointExtension>
        </extensions>
      </trkpt>
      <trkpt lat="22.499368803729485" lon="113.94759620850621">
        <ele>1.0</ele>
        <time>2026-08-13T11:34:39Z</time>
        <extensions>
          <gpxtpx:TrackPointExtension>
            <gpxtpx:hr>180</gpxtpx:hr>
          </gpxtpx:TrackPointExtension>
        </extensions>
      </trkpt>
      <trkpt lat="22.499309890005367" lon="113.94755627576842">
        <ele>1.0</ele>
        <time>2026-08-13T11:34:42Z</time>
        <extensions>
          <gpxtpx:TrackPointExtension>
            <gpxtpx:hr>181</gpxtpx:hr>
          </gpxtpx:TrackPointExtension>
        </extensions>
      </trkpt>
      <trkpt lat="22.499269935330243" lon="113.94753531162812">
        <ele>1.0</ele>
        <time>2026-08-13T11:34:45Z</time>
        <extensions>
          <gpxtpx:TrackPointExtension>
            <gpxtpx:hr>181</gpxtpx:hr>
          </gpxtpx:TrackPointExtension>
        </extensions>
      </trkpt>
      <trkpt lat="22.499203000108032" lon="113.94750536345126">
        <ele>1.0</ele>
        <time>2026-08-13T11:34:48Z</time>
        <extensions>
          <gpxtpx:TrackPointExtension>
            <gpxtpx:hr>181</gpxtpx:hr>
          </gpxtpx:TrackPointExtension>
        </extensions>
      </trkpt>
      <trkpt lat="22.49913706484264" lon="113.94747541517756">
        <ele>1.0</ele>
        <time>2026-08-13T11:34:51Z</time>
        <extensions>
          <gpxtpx:TrackPointExtension>
            <gpxtpx:hr>182</gpxtpx:hr>
          </gpxtpx:TrackPointExtension>
        </extensions>
      </trkpt>
      <trkpt lat="22.499073133815205" lon="113.94744346991048">
        <ele>1.0</ele>
        <time>2026-08-13T11:34:54Z</time>
        <extensions>
          <gpxtpx:TrackPointExtension>
            <gpxtpx:hr>181</gpxtpx:hr>
          </gpxtpx:TrackPointExtension>
        </extensions>
      </trkpt>
      <trkpt lat="22.499036174742493" lon="113.9474245023268">
        <ele>1.0</ele>
        <time>2026-08-13T11:34:57Z</time>
        <extensions>
          <gpxtpx:TrackPointExtension>
            <gpxtpx:hr>182</gpxtpx:hr>
          </gpxtpx:TrackPointExtension>
        </extensions>
      </trkpt>
      <trkpt lat="22.49897624576855" lon="113.94739155832715">
        <ele>1.0</ele>
        <time>2026-08-13T11:35:00Z</time>
        <extensions>
          <gpxtpx:TrackPointExtension>
            <gpxtpx:hr>182</gpxtpx:hr>
          </gpxtpx:TrackPointExtension>
        </extensions>
      </trkpt>
      <trkpt lat="22.498913312487666" lon="113.94736061131626">
        <ele>1.0</ele>
        <time>2026-08-13T11:35:03Z</time>
        <extensions>
          <gpxtpx:TrackPointExtension>
            <gpxtpx:hr>183</gpxtpx:hr>
          </gpxtpx:TrackPointExtension>
        </extensions>
      </trkpt>
      <trkpt lat="22.498847381323507" lon="113.94732866603822">
        <ele>1.0</ele>
        <time>2026-08-13T11:35:06Z</time>
        <extensions>
          <gpxtpx:TrackPointExtension>
            <gpxtpx:hr>183</gpxtpx:hr>
          </gpxtpx:TrackPointExtension>
        </extensions>
      </trkpt>
      <trkpt lat="22.498807420040865" lon="113.94731069698436">
        <ele>1.0</ele>
        <time>2026-08-13T11:35:09Z</time>
        <extensions>
          <gpxtpx:TrackPointExtension>
            <gpxtpx:hr>183</gpxtpx:hr>
          </gpxtpx:TrackPointExtension>
        </extensions>
      </trkpt>
      <trkpt lat="22.498741482398742" lon="113.94728174691492">
        <ele>1.0</ele>
        <time>2026-08-13T11:35:12Z</time>
        <extensions>
          <gpxtpx:TrackPointExtension>
            <gpxtpx:hr>183</gpxtpx:hr>
          </gpxtpx:TrackPointExtension>
        </extensions>
      </trkpt>
      <trkpt lat="22.4986785382958" lon="113.9472557918956">
        <ele>1.0</ele>
        <time>2026-08-13T11:35:15Z</time>
        <extensions>
          <gpxtpx:TrackPointExtension>
            <gpxtpx:hr>183</gpxtpx:hr>
          </gpxtpx:TrackPointExtension>
        </extensions>
      </trkpt>
      <trkpt lat="22.498614583489587" lon="113.94723482903723">
        <ele>1.0</ele>
        <time>2026-08-13T11:35:18Z</time>
        <extensions>
          <gpxtpx:TrackPointExtension>
            <gpxtpx:hr>182</gpxtpx:hr>
          </gpxtpx:TrackPointExtension>
        </extensions>
      </trkpt>
      <trkpt lat="22.49857660504129" lon="113.9472248471938">
        <ele>1.0</ele>
        <time>2026-08-13T11:35:21Z</time>
        <extensions>
          <gpxtpx:TrackPointExtension>
            <gpxtpx:hr>181</gpxtpx:hr>
          </gpxtpx:TrackPointExtension>
        </extensions>
      </trkpt>
      <trkpt lat="22.498505641698593" lon="113.94720787845614">
        <ele>1.0</ele>
        <time>2026-08-13T11:35:24Z</time>
        <extensions>
          <gpxtpx:TrackPointExtension>
            <gpxtpx:hr>181</gpxtpx:hr>
          </gpxtpx:TrackPointExtension>
        </extensions>
      </trkpt>
      <trkpt lat="22.498433680478346" lon="113.94718991134471">
        <ele>1.0</ele>
        <time>2026-08-13T11:35:27Z</time>
        <extensions>
          <gpxtpx:TrackPointExtension>
            <gpxtpx:hr>181</gpxtpx:hr>
          </gpxtpx:TrackPointExtension>
        </extensions>
      </trkpt>
      <trkpt lat="22.498366710680525" lon="113.94717593761204">
        <ele>1.0</ele>
        <time>2026-08-13T11:35:30Z</time>
        <extensions>
          <gpxtpx:TrackPointExtension>
            <gpxtpx:hr>182</gpxtpx:hr>
          </gpxtpx:TrackPointExtension>
        </extensions>
      </trkpt>
      <trkpt lat="22.49832872793178" lon="113.94716795260058">
        <ele>1.0</ele>
        <time>2026-08-13T11:35:33Z</time>
        <extensions>
          <gpxtpx:TrackPointExtension>
            <gpxtpx:hr>181</gpxtpx:hr>
          </gpxtpx:TrackPointExtension>
        </extensions>
      </trkpt>
      <trkpt lat="22.49826176451303" lon="113.94715098357354">
        <ele>1.0</ele>
        <time>2026-08-13T11:35:36Z</time>
        <extensions>
          <gpxtpx:TrackPointExtension>
            <gpxtpx:hr>182</gpxtpx:hr>
          </gpxtpx:TrackPointExtension>
        </extensions>
      </trkpt>
      <trkpt lat="22.49818880750265" lon="113.94713101963008">
        <ele>1.0</ele>
        <time>2026-08-13T11:35:39Z</time>
        <extensions>
          <gpxtpx:TrackPointExtension>
            <gpxtpx:hr>183</gpxtpx:hr>
          </gpxtpx:TrackPointExtension>
        </extensions>
      </trkpt>
      <trkpt lat="22.498114846212253" lon="113.94711305259308">
        <ele>1.0</ele>
        <time>2026-08-13T11:35:42Z</time>
        <extensions>
          <gpxtpx:TrackPointExtension>
            <gpxtpx:hr>184</gpxtpx:hr>
          </gpxtpx:TrackPointExtension>
        </extensions>
      </trkpt>
      <trkpt lat="22.498070861328003" lon="113.94710606637152">
        <ele>1.0</ele>
        <time>2026-08-13T11:35:45Z</time>
        <extensions>
          <gpxtpx:TrackPointExtension>
            <gpxtpx:hr>184</gpxtpx:hr>
          </gpxtpx:TrackPointExtension>
        </extensions>
      </trkpt>
      <trkpt lat="22.497997878695834" lon="113.94709808355265">
        <ele>1.0</ele>
        <time>2026-08-13T11:35:48Z</time>
        <extensions>
          <gpxtpx:TrackPointExtension>
            <gpxtpx:hr>184</gpxtpx:hr>
          </gpxtpx:TrackPointExtension>
        </extensions>
      </trkpt>
      <trkpt lat="22.497925893919184" lon="113.94709109909805">
        <ele>1.0</ele>
        <time>2026-08-13T11:35:51Z</time>
        <extensions>
          <gpxtpx:TrackPointExtension>
            <gpxtpx:hr>184</gpxtpx:hr>
          </gpxtpx:TrackPointExtension>
        </extensions>
      </trkpt>
      <trkpt lat="22.497855926170043" lon="113.94707612707253">
        <ele>1.0</ele>
        <time>2026-08-13T11:35:54Z</time>
        <extensions>
          <gpxtpx:TrackPointExtension>
            <gpxtpx:hr>184</gpxtpx:hr>
          </gpxtpx:TrackPointExtension>
        </extensions>
      </trkpt>
      <trkpt lat="22.49781594550552" lon="113.94706714372667">
        <ele>1.0</ele>
        <time>2026-08-13T11:35:57Z</time>
        <extensions>
          <gpxtpx:TrackPointExtension>
            <gpxtpx:hr>184</gpxtpx:hr>
          </gpxtpx:TrackPointExtension>
        </extensions>
      </trkpt>
      <trkpt lat="22.497745967085198" lon="113.94705716384398">
        <ele>1.0</ele>
        <time>2026-08-13T11:36:00Z</time>
        <extensions>
          <gpxtpx:TrackPointExtension>
            <gpxtpx:hr>184</gpxtpx:hr>
          </gpxtpx:TrackPointExtension>
        </extensions>
      </trkpt>
      <trkpt lat="22.497674984399836" lon="113.94704918088381">
        <ele>1.0</ele>
        <time>2026-08-13T11:36:03Z</time>
        <extensions>
          <gpxtpx:TrackPointExtension>
            <gpxtpx:hr>184</gpxtpx:hr>
          </gpxtpx:TrackPointExtension>
        </extensions>
      </trkpt>
      <trkpt lat="22.497604995314024" lon="113.94704419315315">
        <ele>1.0</ele>
        <time>2026-08-13T11:36:06Z</time>
        <extensions>
          <gpxtpx:TrackPointExtension>
            <gpxtpx:hr>184</gpxtpx:hr>
          </gpxtpx:TrackPointExtension>
        </extensions>
      </trkpt>
      <trkpt lat="22.497562997600543" lon="113.9470431973778">
        <ele>1.0</ele>
        <time>2026-08-13T11:36:09Z</time>
        <extensions>
          <gpxtpx:TrackPointExtension>
            <gpxtpx:hr>184</gpxtpx:hr>
          </gpxtpx:TrackPointExtension>
        </extensions>
      </trkpt>
      <trkpt lat="22.497495004237734" lon="113.94704020638319">
        <ele>1.0</ele>
        <time>2026-08-13T11:36:12Z</time>
        <extensions>
          <gpxtpx:TrackPointExtension>
            <gpxtpx:hr>184</gpxtpx:hr>
          </gpxtpx:TrackPointExtension>
        </extensions>
      </trkpt>
      <trkpt lat="22.497425015133498" lon="113.9470352186508">
        <ele>1.0</ele>
        <time>2026-08-13T11:36:15Z</time>
        <extensions>
          <gpxtpx:TrackPointExtension>
            <gpxtpx:hr>182</gpxtpx:hr>
          </gpxtpx:TrackPointExtension>
        </extensions>
      </trkpt>
      <trkpt lat="22.49735502389302" lon="113.94703122934962">
        <ele>1.0</ele>
        <time>2026-08-13T11:36:18Z</time>
        <extensions>
          <gpxtpx:TrackPointExtension>
            <gpxtpx:hr>183</gpxtpx:hr>
          </gpxtpx:TrackPointExtension>
        </extensions>
      </trkpt>
      <trkpt lat="22.49731302403624" lon="113.94703123200591">
        <ele>1.0</ele>
        <time>2026-08-13T11:36:21Z</time>
        <extensions>
          <gpxtpx:TrackPointExtension>
            <gpxtpx:hr>183</gpxtpx:hr>
          </gpxtpx:TrackPointExtension>
        </extensions>
      </trkpt>
      <trkpt lat="22.497244013621835" lon="113.94703622853018">
        <ele>1.0</ele>
        <time>2026-08-13T11:36:24Z</time>
        <extensions>
          <gpxtpx:TrackPointExtension>
            <gpxtpx:hr>183</gpxtpx:hr>
          </gpxtpx:TrackPointExtension>
        </extensions>
      </trkpt>
      <trkpt lat="22.497176003196987" lon="113.94704122499024">
        <ele>1.0</ele>
        <time>2026-08-13T11:36:27Z</time>
        <extensions>
          <gpxtpx:TrackPointExtension>
            <gpxtpx:hr>184</gpxtpx:hr>
          </gpxtpx:TrackPointExtension>
        </extensions>
      </trkpt>
      <trkpt lat="22.49710899702061" lon="113.94704422452286">
        <ele>1.0</ele>
        <time>2026-08-13T11:36:30Z</time>
        <extensions>
          <gpxtpx:TrackPointExtension>
            <gpxtpx:hr>183</gpxtpx:hr>
          </gpxtpx:TrackPointExtension>
        </extensions>
      </trkpt>
      <trkpt lat="22.497067988629546" lon="113.94704822084229">
        <ele>1.0</ele>
        <time>2026-08-13T11:36:33Z</time>
        <extensions>
          <gpxtpx:TrackPointExtension>
            <gpxtpx:hr>183</gpxtpx:hr>
          </gpxtpx:TrackPointExtension>
        </extensions>
      </trkpt>
      <trkpt lat="22.496998973930292" lon="113.94705521422597">
        <ele>1.0</ele>
        <time>2026-08-13T11:36:36Z</time>
        <extensions>
          <gpxtpx:TrackPointExtension>
            <gpxtpx:hr>183</gpxtpx:hr>
          </gpxtpx:TrackPointExtension>
        </extensions>
      </trkpt>
      <trkpt lat="22.49692995283305" lon="113.94706520290063">
        <ele>1.0</ele>
        <time>2026-08-13T11:36:39Z</time>
        <extensions>
          <gpxtpx:TrackPointExtension>
            <gpxtpx:hr>183</gpxtpx:hr>
          </gpxtpx:TrackPointExtension>
        </extensions>
      </trkpt>
      <trkpt lat="22.496859927467906" lon="113.94707718849578">
        <ele>1.0</ele>
        <time>2026-08-13T11:36:42Z</time>
        <extensions>
          <gpxtpx:TrackPointExtension>
            <gpxtpx:hr>184</gpxtpx:hr>
          </gpxtpx:TrackPointExtension>
        </extensions>
      </trkpt>
      <trkpt lat="22.496817914800054" lon="113.94708318173404">
        <ele>1.0</ele>
        <time>2026-08-13T11:36:45Z</time>
        <extensions>
          <gpxtpx:TrackPointExtension>
            <gpxtpx:hr>183</gpxtpx:hr>
          </gpxtpx:TrackPointExtension>
        </extensions>
      </trkpt>
      <trkpt lat="22.49675088940897" lon="113.94709516713137">
        <ele>1.0</ele>
        <time>2026-08-13T11:36:48Z</time>
        <extensions>
          <gpxtpx:TrackPointExtension>
            <gpxtpx:hr>183</gpxtpx:hr>
          </gpxtpx:TrackPointExtension>
        </extensions>
      </trkpt>
      <trkpt lat="22.49668685973615" lon="113.94710914919214">
        <ele>1.0</ele>
        <time>2026-08-13T11:36:51Z</time>
        <extensions>
          <gpxtpx:TrackPointExtension>
            <gpxtpx:hr>182</gpxtpx:hr>
          </gpxtpx:TrackPointExtension>
        </extensions>
      </trkpt>
      <trkpt lat="22.496620834319938" lon="113.94712113451455">
        <ele>1.0</ele>
        <time>2026-08-13T11:36:54Z</time>
        <extensions>
          <gpxtpx:TrackPointExtension>
            <gpxtpx:hr>181</gpxtpx:hr>
          </gpxtpx:TrackPointExtension>
        </extensions>
      </trkpt>
      <trkpt lat="22.496580821624608" lon="113.94712712761645">
        <ele>1.0</ele>
        <time>2026-08-13T11:36:57Z</time>
        <extensions>
          <gpxtpx:TrackPointExtension>
            <gpxtpx:hr>181</gpxtpx:hr>
          </gpxtpx:TrackPointExtension>
        </extensions>
      </trkpt>
      <trkpt lat="22.49651479405884" lon="113.9471401113589">
        <ele>1.0</ele>
        <time>2026-08-13T11:37:00Z</time>
        <extensions>
          <gpxtpx:TrackPointExtension>
            <gpxtpx:hr>179</gpxtpx:hr>
          </gpxtpx:TrackPointExtension>
        </extensions>
      </trkpt>
      <trkpt lat="22.49645075367762" lon="113.94715908553349">
        <ele>1.0</ele>
        <time>2026-08-13T11:37:03Z</time>
        <extensions>
          <gpxtpx:TrackPointExtension>
            <gpxtpx:hr>179</gpxtpx:hr>
          </gpxtpx:TrackPointExtension>
        </extensions>
      </trkpt>
      <trkpt lat="22.496387711142138" lon="113.947179058058">
        <ele>1.0</ele>
        <time>2026-08-13T11:37:06Z</time>
        <extensions>
          <gpxtpx:TrackPointExtension>
            <gpxtpx:hr>178</gpxtpx:hr>
          </gpxtpx:TrackPointExtension>
        </extensions>
      </trkpt>
      <trkpt lat="22.496347687750603" lon="113.94719004327845">
        <ele>1.0</ele>
        <time>2026-08-13T11:37:09Z</time>
        <extensions>
          <gpxtpx:TrackPointExtension>
            <gpxtpx:hr>178</gpxtpx:hr>
          </gpxtpx:TrackPointExtension>
        </extensions>
      </trkpt>
      <trkpt lat="22.496283645186747" lon="113.94721001584304">
        <ele>1.0</ele>
        <time>2026-08-13T11:37:12Z</time>
        <extensions>
          <gpxtpx:TrackPointExtension>
            <gpxtpx:hr>179</gpxtpx:hr>
          </gpxtpx:TrackPointExtension>
        </extensions>
      </trkpt>
      <trkpt lat="22.496224589778368" lon="113.94723597862414">
        <ele>1.0</ele>
        <time>2026-08-13T11:37:15Z</time>
        <extensions>
          <gpxtpx:TrackPointExtension>
            <gpxtpx:hr>180</gpxtpx:hr>
          </gpxtpx:TrackPointExtension>
        </extensions>
      </trkpt>
      <trkpt lat="22.496166527928924" lon="113.94726493658717">
        <ele>1.0</ele>
        <time>2026-08-13T11:37:18Z</time>
        <extensions>
          <gpxtpx:TrackPointExtension>
            <gpxtpx:hr>181</gpxtpx:hr>
          </gpxtpx:TrackPointExtension>
        </extensions>
      </trkpt>
      <trkpt lat="22.496128498076494" lon="113.94727891691468">
        <ele>1.0</ele>
        <time>2026-08-13T11:37:21Z</time>
        <extensions>
          <gpxtpx:TrackPointExtension>
            <gpxtpx:hr>182</gpxtpx:hr>
          </gpxtpx:TrackPointExtension>
        </extensions>
      </trkpt>
      <trkpt lat="22.49606444687851" lon="113.94730288310113">
        <ele>1.0</ele>
        <time>2026-08-13T11:37:24Z</time>
        <extensions>
          <gpxtpx:TrackPointExtension>
            <gpxtpx:hr>182</gpxtpx:hr>
          </gpxtpx:TrackPointExtension>
        </extensions>
      </trkpt>
      <trkpt lat="22.49600238923393" lon="113.94732984440274">
        <ele>1.0</ele>
        <time>2026-08-13T11:37:27Z</time>
        <extensions>
          <gpxtpx:TrackPointExtension>
            <gpxtpx:hr>182</gpxtpx:hr>
          </gpxtpx:TrackPointExtension>
        </extensions>
      </trkpt>
      <trkpt lat="22.49594332299286" lon="113.94736079916709">
        <ele>1.0</ele>
        <time>2026-08-13T11:37:30Z</time>
        <extensions>
          <gpxtpx:TrackPointExtension>
            <gpxtpx:hr>182</gpxtpx:hr>
          </gpxtpx:TrackPointExtension>
        </extensions>
      </trkpt>
      <trkpt lat="22.495907280233308" lon="113.9473807698332">
        <ele>1.0</ele>
        <time>2026-08-13T11:37:33Z</time>
        <extensions>
          <gpxtpx:TrackPointExtension>
            <gpxtpx:hr>182</gpxtpx:hr>
          </gpxtpx:TrackPointExtension>
        </extensions>
      </trkpt>
      <trkpt lat="22.49584220751144" lon="113.94741472017175">
        <ele>1.0</ele>
        <time>2026-08-13T11:37:36Z</time>
        <extensions>
          <gpxtpx:TrackPointExtension>
            <gpxtpx:hr>181</gpxtpx:hr>
          </gpxtpx:TrackPointExtension>
        </extensions>
      </trkpt>
      <trkpt lat="22.495780134739597" lon="113.9474486702775">
        <ele>1.0</ele>
        <time>2026-08-13T11:37:39Z</time>
        <extensions>
          <gpxtpx:TrackPointExtension>
            <gpxtpx:hr>180</gpxtpx:hr>
          </gpxtpx:TrackPointExtension>
        </extensions>
      </trkpt>
      <trkpt lat="22.495719057631714" lon="113.94748461710746">
        <ele>1.0</ele>
        <time>2026-08-13T11:37:42Z</time>
        <extensions>
          <gpxtpx:TrackPointExtension>
            <gpxtpx:hr>181</gpxtpx:hr>
          </gpxtpx:TrackPointExtension>
        </extensions>
      </trkpt>
      <trkpt lat="22.495682012630663" lon="113.94750558615895">
        <ele>1.0</ele>
        <time>2026-08-13T11:37:45Z</time>
        <extensions>
          <gpxtpx:TrackPointExtension>
            <gpxtpx:hr>181</gpxtpx:hr>
          </gpxtpx:TrackPointExtension>
        </extensions>
      </trkpt>
      <trkpt lat="22.49561692686072" lon="113.94754552681768">
        <ele>1.0</ele>
        <time>2026-08-13T11:37:48Z</time>
        <extensions>
          <gpxtpx:TrackPointExtension>
            <gpxtpx:hr>180</gpxtpx:hr>
          </gpxtpx:TrackPointExtension>
        </extensions>
      </trkpt>
      <trkpt lat="22.495551836732904" lon="113.94758746423976">
        <ele>1.0</ele>
        <time>2026-08-13T11:37:51Z</time>
        <extensions>
          <gpxtpx:TrackPointExtension>
            <gpxtpx:hr>181</gpxtpx:hr>
          </gpxtpx:TrackPointExtension>
        </extensions>
      </trkpt>
      <trkpt lat="22.495486757286383" lon="113.94762440954673">
        <ele>1.0</ele>
        <time>2026-08-13T11:37:54Z</time>
        <extensions>
          <gpxtpx:TrackPointExtension>
            <gpxtpx:hr>181</gpxtpx:hr>
          </gpxtpx:TrackPointExtension>
        </extensions>
      </trkpt>
      <trkpt lat="22.495448712172408" lon="113.94764537855222">
        <ele>1.0</ele>
        <time>2026-08-13T11:37:57Z</time>
        <extensions>
          <gpxtpx:TrackPointExtension>
            <gpxtpx:hr>181</gpxtpx:hr>
          </gpxtpx:TrackPointExtension>
        </extensions>
      </trkpt>
      <trkpt lat="22.49538664339743" lon="113.94767733155003">
        <ele>1.0</ele>
        <time>2026-08-13T11:38:00Z</time>
        <extensions>
          <gpxtpx:TrackPointExtension>
            <gpxtpx:hr>181</gpxtpx:hr>
          </gpxtpx:TrackPointExtension>
        </extensions>
      </trkpt>
      <trkpt lat="22.495324574581737" lon="113.94770928450987">
        <ele>1.0</ele>
        <time>2026-08-13T11:38:03Z</time>
        <extensions>
          <gpxtpx:TrackPointExtension>
            <gpxtpx:hr>180</gpxtpx:hr>
          </gpxtpx:TrackPointExtension>
        </extensions>
      </trkpt>
      <trkpt lat="22.495261505725978" lon="113.947741237495">
        <ele>1.0</ele>
        <time>2026-08-13T11:38:06Z</time>
        <extensions>
          <gpxtpx:TrackPointExtension>
            <gpxtpx:hr>179</gpxtpx:hr>
          </gpxtpx:TrackPointExtension>
        </extensions>
      </trkpt>
      <trkpt lat="22.49522246913302" lon="113.94775821285275">
        <ele>1.0</ele>
        <time>2026-08-13T11:38:09Z</time>
        <extensions>
          <gpxtpx:TrackPointExtension>
            <gpxtpx:hr>180</gpxtpx:hr>
          </gpxtpx:TrackPointExtension>
        </extensions>
      </trkpt>
      <trkpt lat="22.49515840668062" lon="113.94778717063129">
        <ele>1.0</ele>
        <time>2026-08-13T11:38:12Z</time>
        <extensions>
          <gpxtpx:TrackPointExtension>
            <gpxtpx:hr>181</gpxtpx:hr>
          </gpxtpx:TrackPointExtension>
        </extensions>
      </trkpt>
      <trkpt lat="22.495094344193575" lon="113.94781612837869">
        <ele>1.0</ele>
        <time>2026-08-13T11:38:15Z</time>
        <extensions>
          <gpxtpx:TrackPointExtension>
            <gpxtpx:hr>181</gpxtpx:hr>
          </gpxtpx:TrackPointExtension>
        </extensions>
      </trkpt>
      <trkpt lat="22.495029283829457" lon="113.9478440877564">
        <ele>1.0</ele>
        <time>2026-08-13T11:38:18Z</time>
        <extensions>
          <gpxtpx:TrackPointExtension>
            <gpxtpx:hr>181</gpxtpx:hr>
          </gpxtpx:TrackPointExtension>
        </extensions>
      </trkpt>
      <trkpt lat="22.49498726226829" lon="113.9478540744296">
        <ele>1.0</ele>
        <time>2026-08-13T11:38:21Z</time>
        <extensions>
          <gpxtpx:TrackPointExtension>
            <gpxtpx:hr>181</gpxtpx:hr>
          </gpxtpx:TrackPointExtension>
        </extensions>
      </trkpt>
      <trkpt lat="22.49491823423284" lon="113.94786705801002">
        <ele>1.0</ele>
        <time>2026-08-13T11:38:24Z</time>
        <extensions>
          <gpxtpx:TrackPointExtension>
            <gpxtpx:hr>182</gpxtpx:hr>
          </gpxtpx:TrackPointExtension>
        </extensions>
      </trkpt>
      <trkpt lat="22.494852199709342" lon="113.94788303659585">
        <ele>1.0</ele>
        <time>2026-08-13T11:38:27Z</time>
        <extensions>
          <gpxtpx:TrackPointExtension>
            <gpxtpx:hr>181</gpxtpx:hr>
          </gpxtpx:TrackPointExtension>
        </extensions>
      </trkpt>
      <trkpt lat="22.49478516517116" lon="113.94789901523549">
        <ele>1.0</ele>
        <time>2026-08-13T11:38:30Z</time>
        <extensions>
          <gpxtpx:TrackPointExtension>
            <gpxtpx:hr>181</gpxtpx:hr>
          </gpxtpx:TrackPointExtension>
        </extensions>
      </trkpt>
      <trkpt lat="22.494744147896157" lon="113.94790700502614">
        <ele>1.0</ele>
        <time>2026-08-13T11:38:33Z</time>
        <extensions>
          <gpxtpx:TrackPointExtension>
            <gpxtpx:hr>182</gpxtpx:hr>
          </gpxtpx:TrackPointExtension>
        </extensions>
      </trkpt>
      <trkpt lat="22.49467711765484" lon="113.94792098685365">
        <ele>1.0</ele>
        <time>2026-08-13T11:38:36Z</time>
        <extensions>
          <gpxtpx:TrackPointExtension>
            <gpxtpx:hr>182</gpxtpx:hr>
          </gpxtpx:TrackPointExtension>
        </extensions>
      </trkpt>
      <trkpt lat="22.494609089560853" lon="113.94793397033864">
        <ele>1.0</ele>
        <time>2026-08-13T11:38:39Z</time>
        <extensions>
          <gpxtpx:TrackPointExtension>
            <gpxtpx:hr>182</gpxtpx:hr>
          </gpxtpx:TrackPointExtension>
        </extensions>
      </trkpt>
      <trkpt lat="22.49454106577634" lon="113.94794495702122">
        <ele>1.0</ele>
        <time>2026-08-13T11:38:42Z</time>
        <extensions>
          <gpxtpx:TrackPointExtension>
            <gpxtpx:hr>182</gpxtpx:hr>
          </gpxtpx:TrackPointExtension>
        </extensions>
      </trkpt>
      <trkpt lat="22.49450005495804" lon="113.94794995160463">
        <ele>1.0</ele>
        <time>2026-08-13T11:38:45Z</time>
        <extensions>
          <gpxtpx:TrackPointExtension>
            <gpxtpx:hr>183</gpxtpx:hr>
          </gpxtpx:TrackPointExtension>
        </extensions>
      </trkpt>
      <trkpt lat="22.494431033318303" lon="113.94795993994641">
        <ele>1.0</ele>
        <time>2026-08-13T11:38:48Z</time>
        <extensions>
          <gpxtpx:TrackPointExtension>
            <gpxtpx:hr>183</gpxtpx:hr>
          </gpxtpx:TrackPointExtension>
        </extensions>
      </trkpt>
      <trkpt lat="22.494359013828614" lon="113.94796893007704">
        <ele>1.0</ele>
        <time>2026-08-13T11:38:51Z</time>
        <extensions>
          <gpxtpx:TrackPointExtension>
            <gpxtpx:hr>183</gpxtpx:hr>
          </gpxtpx:TrackPointExtension>
        </extensions>
      </trkpt>
      <trkpt lat="22.49428900081592" lon="113.94797492488728">
        <ele>1.0</ele>
        <time>2026-08-13T11:38:54Z</time>
        <extensions>
          <gpxtpx:TrackPointExtension>
            <gpxtpx:hr>183</gpxtpx:hr>
          </gpxtpx:TrackPointExtension>
        </extensions>
      </trkpt>
      <trkpt lat="22.49424600727148" lon="113.9479719324158">
        <ele>1.0</ele>
        <time>2026-08-13T11:38:57Z</time>
        <extensions>
          <gpxtpx:TrackPointExtension>
            <gpxtpx:hr>183</gpxtpx:hr>
          </gpxtpx:TrackPointExtension>
        </extensions>
      </trkpt>
      <trkpt lat="22.49417302234636" lon="113.94796494825216">
        <ele>1.0</ele>
        <time>2026-08-13T11:39:00Z</time>
        <extensions>
          <gpxtpx:TrackPointExtension>
            <gpxtpx:hr>182</gpxtpx:hr>
          </gpxtpx:TrackPointExtension>
        </extensions>
      </trkpt>
      <trkpt lat="22.494099030927856" lon="113.94796095934275">
        <ele>1.0</ele>
        <time>2026-08-13T11:39:03Z</time>
        <extensions>
          <gpxtpx:TrackPointExtension>
            <gpxtpx:hr>182</gpxtpx:hr>
          </gpxtpx:TrackPointExtension>
        </extensions>
      </trkpt>
      <trkpt lat="22.49402704166461" lon="113.9479559719085">
        <ele>1.0</ele>
        <time>2026-08-13T11:39:06Z</time>
        <extensions>
          <gpxtpx:TrackPointExtension>
            <gpxtpx:hr>182</gpxtpx:hr>
          </gpxtpx:TrackPointExtension>
        </extensions>
      </trkpt>
      <trkpt lat="22.49398505458701" lon="113.94794998417794">
        <ele>1.0</ele>
        <time>2026-08-13T11:39:09Z</time>
        <extensions>
          <gpxtpx:TrackPointExtension>
            <gpxtpx:hr>183</gpxtpx:hr>
          </gpxtpx:TrackPointExtension>
        </extensions>
      </trkpt>
      <trkpt lat="22.493916086919768" lon="113.9479350125687">
        <ele>1.0</ele>
        <time>2026-08-13T11:39:12Z</time>
        <extensions>
          <gpxtpx:TrackPointExtension>
            <gpxtpx:hr>183</gpxtpx:hr>
          </gpxtpx:TrackPointExtension>
        </extensions>
      </trkpt>
      <trkpt lat="22.493847110598697" lon="113.94792403454704">
        <ele>1.0</ele>
        <time>2026-08-13T11:39:15Z</time>
        <extensions>
          <gpxtpx:TrackPointExtension>
            <gpxtpx:hr>184</gpxtpx:hr>
          </gpxtpx:TrackPointExtension>
        </extensions>
      </trkpt>
      <trkpt lat="22.493779127789434" lon="113.94791605165544">
        <ele>1.0</ele>
        <time>2026-08-13T11:39:18Z</time>
        <extensions>
          <gpxtpx:TrackPointExtension>
            <gpxtpx:hr>183</gpxtpx:hr>
          </gpxtpx:TrackPointExtension>
        </extensions>
      </trkpt>
      <trkpt lat="22.493738145009928" lon="113.94790806705373">
        <ele>1.0</ele>
        <time>2026-08-13T11:39:21Z</time>
        <extensions>
          <gpxtpx:TrackPointExtension>
            <gpxtpx:hr>183</gpxtpx:hr>
          </gpxtpx:TrackPointExtension>
        </extensions>
      </trkpt>
      <trkpt lat="22.493668190249448" lon="113.94788710508332">
        <ele>1.0</ele>
        <time>2026-08-13T11:39:24Z</time>
        <extensions>
          <gpxtpx:TrackPointExtension>
            <gpxtpx:hr>183</gpxtpx:hr>
          </gpxtpx:TrackPointExtension>
        </extensions>
      </trkpt>
      <trkpt lat="22.493601244103512" lon="113.94786214930224">
        <ele>1.0</ele>
        <time>2026-08-13T11:39:27Z</time>
        <extensions>
          <gpxtpx:TrackPointExtension>
            <gpxtpx:hr>184</gpxtpx:hr>
          </gpxtpx:TrackPointExtension>
        </extensions>
      </trkpt>
      <trkpt lat="22.493534293615895" lon="113.94783919030218">
        <ele>1.0</ele>
        <time>2026-08-13T11:39:30Z</time>
        <extensions>
          <gpxtpx:TrackPointExtension>
            <gpxtpx:hr>184</gpxtpx:hr>
          </gpxtpx:TrackPointExtension>
        </extensions>
      </trkpt>
      <trkpt lat="22.493495323745023" lon="113.9478252151363">
        <ele>1.0</ele>
        <time>2026-08-13T11:39:33Z</time>
        <extensions>
          <gpxtpx:TrackPointExtension>
            <gpxtpx:hr>184</gpxtpx:hr>
          </gpxtpx:TrackPointExtension>
        </extensions>
      </trkpt>
      <trkpt lat="22.493428379685525" lon="113.94779926089417">
        <ele>1.0</ele>
        <time>2026-08-13T11:39:36Z</time>
        <extensions>
          <gpxtpx:TrackPointExtension>
            <gpxtpx:hr>183</gpxtpx:hr>
          </gpxtpx:TrackPointExtension>
        </extensions>
      </trkpt>
      <trkpt lat="22.493360439904112" lon="113.94777130988109">
        <ele>1.0</ele>
        <time>2026-08-13T11:39:39Z</time>
        <extensions>
          <gpxtpx:TrackPointExtension>
            <gpxtpx:hr>183</gpxtpx:hr>
          </gpxtpx:TrackPointExtension>
        </extensions>
      </trkpt>
      <trkpt lat="22.493291497933583" lon="113.94774435730773">
        <ele>1.0</ele>
        <time>2026-08-13T11:39:42Z</time>
        <extensions>
          <gpxtpx:TrackPointExtension>
            <gpxtpx:hr>184</gpxtpx:hr>
          </gpxtpx:TrackPointExtension>
        </extensions>
      </trkpt>
      <trkpt lat="22.493252528003886" lon="113.94773038209244">
        <ele>1.0</ele>
        <time>2026-08-13T11:39:45Z</time>
        <extensions>
          <gpxtpx:TrackPointExtension>
            <gpxtpx:hr>184</gpxtpx:hr>
          </gpxtpx:TrackPointExtension>
        </extensions>
      </trkpt>
      <trkpt lat="22.493187596754677" lon="113.94769843718896">
        <ele>1.0</ele>
        <time>2026-08-13T11:39:48Z</time>
        <extensions>
          <gpxtpx:TrackPointExtension>
            <gpxtpx:hr>184</gpxtpx:hr>
          </gpxtpx:TrackPointExtension>
        </extensions>
      </trkpt>
      <trkpt lat="22.49312366976846" lon="113.94766449536712">
        <ele>1.0</ele>
        <time>2026-08-13T11:39:51Z</time>
        <extensions>
          <gpxtpx:TrackPointExtension>
            <gpxtpx:hr>184</gpxtpx:hr>
          </gpxtpx:TrackPointExtension>
        </extensions>
      </trkpt>
      <trkpt lat="22.493060738439247" lon="113.94763255025862">
        <ele>1.0</ele>
        <time>2026-08-13T11:39:54Z</time>
        <extensions>
          <gpxtpx:TrackPointExtension>
            <gpxtpx:hr>184</gpxtpx:hr>
          </gpxtpx:TrackPointExtension>
        </extensions>
      </trkpt>
      <trkpt lat="22.493022779191765" lon="113.94761358286996">
        <ele>1.0</ele>
        <time>2026-08-13T11:39:57Z</time>
        <extensions>
          <gpxtpx:TrackPointExtension>
            <gpxtpx:hr>184</gpxtpx:hr>
          </gpxtpx:TrackPointExtension>
        </extensions>
      </trkpt>
      <trkpt lat="22.49296084779971" lon="113.94758163763747">
        <ele>1.0</ele>
        <time>2026-08-13T11:40:00Z</time>
        <extensions>
          <gpxtpx:TrackPointExtension>
            <gpxtpx:hr>185</gpxtpx:hr>
          </gpxtpx:TrackPointExtension>
        </extensions>
      </trkpt>
      <trkpt lat="22.492896912067838" lon="113.94755168931893">
        <ele>1.0</ele>
        <time>2026-08-13T11:40:03Z</time>
        <extensions>
          <gpxtpx:TrackPointExtension>
            <gpxtpx:hr>185</gpxtpx:hr>
          </gpxtpx:TrackPointExtension>
        </extensions>
      </trkpt>
      <trkpt lat="22.492831976296536" lon="113.94752174103009">
        <ele>1.0</ele>
        <time>2026-08-13T11:40:06Z</time>
        <extensions>
          <gpxtpx:TrackPointExtension>
            <gpxtpx:hr>185</gpxtpx:hr>
          </gpxtpx:TrackPointExtension>
        </extensions>
      </trkpt>
      <trkpt lat="22.492792012667948" lon="113.94750477051844">
        <ele>1.0</ele>
        <time>2026-08-13T11:40:09Z</time>
        <extensions>
          <gpxtpx:TrackPointExtension>
            <gpxtpx:hr>185</gpxtpx:hr>
          </gpxtpx:TrackPointExtension>
        </extensions>
      </trkpt>
      <trkpt lat="22.4927270682607" lon="113.94747881583922">
        <ele>1.0</ele>
        <time>2026-08-13T11:40:12Z</time>
        <extensions>
          <gpxtpx:TrackPointExtension>
            <gpxtpx:hr>185</gpxtpx:hr>
          </gpxtpx:TrackPointExtension>
        </extensions>
      </trkpt>
      <trkpt lat="22.4926631131087" lon="113.9474578531533">
        <ele>1.0</ele>
        <time>2026-08-13T11:40:15Z</time>
        <extensions>
          <gpxtpx:TrackPointExtension>
            <gpxtpx:hr>185</gpxtpx:hr>
          </gpxtpx:TrackPointExtension>
        </extensions>
      </trkpt>
      <trkpt lat="22.49260813653004" lon="113.94744687405033">
        <ele>1.0</ele>
        <time>2026-08-13T11:40:18Z</time>
        <extensions>
          <gpxtpx:TrackPointExtension>
            <gpxtpx:hr>185</gpxtpx:hr>
          </gpxtpx:TrackPointExtension>
        </extensions>
      </trkpt>
      <trkpt lat="22.492585147179252" lon="113.94744188342099">
        <ele>1.0</ele>
        <time>2026-08-13T11:40:21Z</time>
        <extensions>
          <gpxtpx:TrackPointExtension>
            <gpxtpx:hr>184</gpxtpx:hr>
          </gpxtpx:TrackPointExtension>
        </extensions>
      </trkpt>
      <trkpt lat="22.492581127877244" lon="113.94745086942416">
        <ele>1.0</ele>
        <time>2026-08-13T11:40:24Z</time>
        <extensions>
          <gpxtpx:TrackPointExtension>
            <gpxtpx:hr>183</gpxtpx:hr>
          </gpxtpx:TrackPointExtension>
        </extensions>
      </trkpt>
      <trkpt lat="22.49262207654239" lon="113.94747482881715">
        <ele>1.0</ele>
        <time>2026-08-13T11:40:27Z</time>
        <extensions>
          <gpxtpx:TrackPointExtension>
            <gpxtpx:hr>183</gpxtpx:hr>
          </gpxtpx:TrackPointExtension>
        </extensions>
      </trkpt>
      <trkpt lat="22.492687031688256" lon="113.94749579142653">
        <ele>1.0</ele>
        <time>2026-08-13T11:40:30Z</time>
        <extensions>
          <gpxtpx:TrackPointExtension>
            <gpxtpx:hr>185</gpxtpx:hr>
          </gpxtpx:TrackPointExtension>
        </extensions>
      </trkpt>
      <trkpt lat="22.492730006063983" lon="113.94750776968267">
        <ele>1.0</ele>
        <time>2026-08-13T11:40:33Z</time>
        <extensions>
          <gpxtpx:TrackPointExtension>
            <gpxtpx:hr>184</gpxtpx:hr>
          </gpxtpx:TrackPointExtension>
        </extensions>
      </trkpt>
      <trkpt lat="22.492803969784845" lon="113.94752473804226">
        <ele>1.0</ele>
        <time>2026-08-13T11:40:36Z</time>
        <extensions>
          <gpxtpx:TrackPointExtension>
            <gpxtpx:hr>183</gpxtpx:hr>
          </gpxtpx:TrackPointExtension>
        </extensions>
      </trkpt>
      <trkpt lat="22.492872920594802" lon="113.94754769718537">
        <ele>1.0</ele>
        <time>2026-08-13T11:40:39Z</time>
        <extensions>
          <gpxtpx:TrackPointExtension>
            <gpxtpx:hr>184</gpxtpx:hr>
          </gpxtpx:TrackPointExtension>
        </extensions>
      </trkpt>
      <trkpt lat="22.492935849886464" lon="113.94758064080685">
        <ele>1.0</ele>
        <time>2026-08-13T11:40:42Z</time>
        <extensions>
          <gpxtpx:TrackPointExtension>
            <gpxtpx:hr>184</gpxtpx:hr>
          </gpxtpx:TrackPointExtension>
        </extensions>
      </trkpt>
      <trkpt lat="22.492972804860276" lon="113.94760160510397">
        <ele>1.0</ele>
        <time>2026-08-13T11:40:45Z</time>
        <extensions>
          <gpxtpx:TrackPointExtension>
            <gpxtpx:hr>184</gpxtpx:hr>
          </gpxtpx:TrackPointExtension>
        </extensions>
      </trkpt>
      <trkpt lat="22.49303472762923" lon="113.94763754395117">
        <ele>1.0</ele>
        <time>2026-08-13T11:40:48Z</time>
        <extensions>
          <gpxtpx:TrackPointExtension>
            <gpxtpx:hr>184</gpxtpx:hr>
          </gpxtpx:TrackPointExtension>
        </extensions>
      </trkpt>
      <trkpt lat="22.493093641735808" lon="113.9476774765725">
        <ele>1.0</ele>
        <time>2026-08-13T11:40:51Z</time>
        <extensions>
          <gpxtpx:TrackPointExtension>
            <gpxtpx:hr>183</gpxtpx:hr>
          </gpxtpx:TrackPointExtension>
        </extensions>
      </trkpt>
      <trkpt lat="22.493154553633655" lon="113.94771840741441">
        <ele>1.0</ele>
        <time>2026-08-13T11:40:54Z</time>
        <extensions>
          <gpxtpx:TrackPointExtension>
            <gpxtpx:hr>184</gpxtpx:hr>
          </gpxtpx:TrackPointExtension>
        </extensions>
      </trkpt>
      <trkpt lat="22.493190504186547" lon="113.94774136847848">
        <ele>1.0</ele>
        <time>2026-08-13T11:40:57Z</time>
        <extensions>
          <gpxtpx:TrackPointExtension>
            <gpxtpx:hr>184</gpxtpx:hr>
          </gpxtpx:TrackPointExtension>
        </extensions>
      </trkpt>
      <trkpt lat="22.493252428917177" lon="113.94777630873396">
        <ele>1.0</ele>
        <time>2026-08-13T11:41:00Z</time>
        <extensions>
          <gpxtpx:TrackPointExtension>
            <gpxtpx:hr>184</gpxtpx:hr>
          </gpxtpx:TrackPointExtension>
        </extensions>
      </trkpt>
      <trkpt lat="22.493316370851538" lon="113.94780326159152">
        <ele>1.0</ele>
        <time>2026-08-13T11:41:03Z</time>
        <extensions>
          <gpxtpx:TrackPointExtension>
            <gpxtpx:hr>184</gpxtpx:hr>
          </gpxtpx:TrackPointExtension>
        </extensions>
      </trkpt>
      <trkpt lat="22.49338031275514" lon="113.947830214422">
        <ele>1.0</ele>
        <time>2026-08-13T11:41:06Z</time>
        <extensions>
          <gpxtpx:TrackPointExtension>
            <gpxtpx:hr>184</gpxtpx:hr>
          </gpxtpx:TrackPointExtension>
        </extensions>
      </trkpt>
      <trkpt lat="22.493420278316908" lon="113.94784618632573">
        <ele>1.0</ele>
        <time>2026-08-13T11:41:09Z</time>
        <extensions>
          <gpxtpx:TrackPointExtension>
            <gpxtpx:hr>185</gpxtpx:hr>
          </gpxtpx:TrackPointExtension>
        </extensions>
      </trkpt>
      <trkpt lat="22.493487222334757" lon="113.94787214052256">
        <ele>1.0</ele>
        <time>2026-08-13T11:41:12Z</time>
        <extensions>
          <gpxtpx:TrackPointExtension>
            <gpxtpx:hr>185</gpxtpx:hr>
          </gpxtpx:TrackPointExtension>
        </extensions>
      </trkpt>
      <trkpt lat="22.493552168478963" lon="113.94789709642092">
        <ele>1.0</ele>
        <time>2026-08-13T11:41:15Z</time>
        <extensions>
          <gpxtpx:TrackPointExtension>
            <gpxtpx:hr>185</gpxtpx:hr>
          </gpxtpx:TrackPointExtension>
        </extensions>
      </trkpt>
      <trkpt lat="22.493619116758886" lon="113.9479210537706">
        <ele>1.0</ele>
        <time>2026-08-13T11:41:18Z</time>
        <extensions>
          <gpxtpx:TrackPointExtension>
            <gpxtpx:hr>184</gpxtpx:hr>
          </gpxtpx:TrackPointExtension>
        </extensions>
      </trkpt>
      <trkpt lat="22.493659088738582" lon="113.94793403042488">
        <ele>1.0</ele>
        <time>2026-08-13T11:41:21Z</time>
        <extensions>
          <gpxtpx:TrackPointExtension>
            <gpxtpx:hr>184</gpxtpx:hr>
          </gpxtpx:TrackPointExtension>
        </extensions>
      </trkpt>
      <trkpt lat="22.493726058588077" lon="113.94794800376323">
        <ele>1.0</ele>
        <time>2026-08-13T11:41:24Z</time>
        <extensions>
          <gpxtpx:TrackPointExtension>
            <gpxtpx:hr>184</gpxtpx:hr>
          </gpxtpx:TrackPointExtension>
        </extensions>
      </trkpt>
      <trkpt lat="22.49379503058871" lon="113.94796097857031">
        <ele>1.0</ele>
        <time>2026-08-13T11:41:27Z</time>
        <extensions>
          <gpxtpx:TrackPointExtension>
            <gpxtpx:hr>184</gpxtpx:hr>
          </gpxtpx:TrackPointExtension>
        </extensions>
      </trkpt>
      <trkpt lat="22.49386400473883" lon="113.947972954974">
        <ele>1.0</ele>
        <time>2026-08-13T11:41:30Z</time>
        <extensions>
          <gpxtpx:TrackPointExtension>
            <gpxtpx:hr>184</gpxtpx:hr>
          </gpxtpx:TrackPointExtension>
        </extensions>
      </trkpt>
      <trkpt lat="22.493905991818448" lon="113.94797894269949">
        <ele>1.0</ele>
        <time>2026-08-13T11:41:33Z</time>
        <extensions>
          <gpxtpx:TrackPointExtension>
            <gpxtpx:hr>184</gpxtpx:hr>
          </gpxtpx:TrackPointExtension>
        </extensions>
      </trkpt>
      <trkpt lat="22.493974972437613" lon="113.9479879239057">
        <ele>1.0</ele>
        <time>2026-08-13T11:41:36Z</time>
        <extensions>
          <gpxtpx:TrackPointExtension>
            <gpxtpx:hr>184</gpxtpx:hr>
          </gpxtpx:TrackPointExtension>
        </extensions>
      </trkpt>
      <trkpt lat="22.494044955211084" lon="113.94799590664941">
        <ele>1.0</ele>
        <time>2026-08-13T11:41:39Z</time>
        <extensions>
          <gpxtpx:TrackPointExtension>
            <gpxtpx:hr>185</gpxtpx:hr>
          </gpxtpx:TrackPointExtension>
        </extensions>
      </trkpt>
      <trkpt lat="22.4941139379749" lon="113.94800388945397">
        <ele>1.0</ele>
        <time>2026-08-13T11:41:42Z</time>
        <extensions>
          <gpxtpx:TrackPointExtension>
            <gpxtpx:hr>184</gpxtpx:hr>
          </gpxtpx:TrackPointExtension>
        </extensions>
      </trkpt>
      <trkpt lat="22.494152931520258" lon="113.94800688217492">
        <ele>1.0</ele>
        <time>2026-08-13T11:41:45Z</time>
        <extensions>
          <gpxtpx:TrackPointExtension>
            <gpxtpx:hr>184</gpxtpx:hr>
          </gpxtpx:TrackPointExtension>
        </extensions>
      </trkpt>
      <trkpt lat="22.494214927243988" lon="113.94800887504505">
        <ele>1.0</ele>
        <time>2026-08-13T11:41:48Z</time>
        <extensions>
          <gpxtpx:TrackPointExtension>
            <gpxtpx:hr>184</gpxtpx:hr>
          </gpxtpx:TrackPointExtension>
        </extensions>
      </trkpt>
      <trkpt lat="22.494281922965794" lon="113.94801086759875">
        <ele>1.0</ele>
        <time>2026-08-13T11:41:51Z</time>
        <extensions>
          <gpxtpx:TrackPointExtension>
            <gpxtpx:hr>185</gpxtpx:hr>
          </gpxtpx:TrackPointExtension>
        </extensions>
      </trkpt>
      <trkpt lat="22.494351933823804" lon="113.94800587119235">
        <ele>1.0</ele>
        <time>2026-08-13T11:41:54Z</time>
        <extensions>
          <gpxtpx:TrackPointExtension>
            <gpxtpx:hr>185</gpxtpx:hr>
          </gpxtpx:TrackPointExtension>
        </extensions>
      </trkpt>
      <trkpt lat="22.494395946824085" lon="113.94799987803346">
        <ele>1.0</ele>
        <time>2026-08-13T11:41:57Z</time>
        <extensions>
          <gpxtpx:TrackPointExtension>
            <gpxtpx:hr>186</gpxtpx:hr>
          </gpxtpx:TrackPointExtension>
        </extensions>
      </trkpt>
      <trkpt lat="22.494467968482148" lon="113.94798988951666">
        <ele>1.0</ele>
        <time>2026-08-13T11:42:00Z</time>
        <extensions>
          <gpxtpx:TrackPointExtension>
            <gpxtpx:hr>186</gpxtpx:hr>
          </gpxtpx:TrackPointExtension>
        </extensions>
      </trkpt>
      <trkpt lat="22.494536979318788" lon="113.94798489316962">
        <ele>1.0</ele>
        <time>2026-08-13T11:42:03Z</time>
        <extensions>
          <gpxtpx:TrackPointExtension>
            <gpxtpx:hr>186</gpxtpx:hr>
          </gpxtpx:TrackPointExtension>
        </extensions>
      </trkpt>
      <trkpt lat="22.49460899879632" lon="113.9479759030443">
        <ele>1.0</ele>
        <time>2026-08-13T11:42:06Z</time>
        <extensions>
          <gpxtpx:TrackPointExtension>
            <gpxtpx:hr>187</gpxtpx:hr>
          </gpxtpx:TrackPointExtension>
        </extensions>
      </trkpt>
      <trkpt lat="22.494652011775088" lon="113.947969909942">
        <ele>1.0</ele>
        <time>2026-08-13T11:42:09Z</time>
        <extensions>
          <gpxtpx:TrackPointExtension>
            <gpxtpx:hr>187</gpxtpx:hr>
          </gpxtpx:TrackPointExtension>
        </extensions>
      </trkpt>
      <trkpt lat="22.494725031236953" lon="113.94796091974845">
        <ele>1.0</ele>
        <time>2026-08-13T11:42:12Z</time>
        <extensions>
          <gpxtpx:TrackPointExtension>
            <gpxtpx:hr>186</gpxtpx:hr>
          </gpxtpx:TrackPointExtension>
        </extensions>
      </trkpt>
      <trkpt lat="22.494796061493282" lon="113.94794693768861">
        <ele>1.0</ele>
        <time>2026-08-13T11:42:15Z</time>
        <extensions>
          <gpxtpx:TrackPointExtension>
            <gpxtpx:hr>186</gpxtpx:hr>
          </gpxtpx:TrackPointExtension>
        </extensions>
      </trkpt>
      <trkpt lat="22.4948650938966" lon="113.94793195734948">
        <ele>1.0</ele>
        <time>2026-08-13T11:42:18Z</time>
        <extensions>
          <gpxtpx:TrackPointExtension>
            <gpxtpx:hr>187</gpxtpx:hr>
          </gpxtpx:TrackPointExtension>
        </extensions>
      </trkpt>
      <trkpt lat="22.494906115491798" lon="113.94792197076836">
        <ele>1.0</ele>
        <time>2026-08-13T11:42:21Z</time>
        <extensions>
          <gpxtpx:TrackPointExtension>
            <gpxtpx:hr>186</gpxtpx:hr>
          </gpxtpx:TrackPointExtension>
        </extensions>
      </trkpt>
      <trkpt lat="22.49497315866907" lon="113.94790199854378">
        <ele>1.0</ele>
        <time>2026-08-13T11:42:24Z</time>
        <extensions>
          <gpxtpx:TrackPointExtension>
            <gpxtpx:hr>186</gpxtpx:hr>
          </gpxtpx:TrackPointExtension>
        </extensions>
      </trkpt>
      <trkpt lat="22.495039203985343" lon="113.94788102796723">
        <ele>1.0</ele>
        <time>2026-08-13T11:42:27Z</time>
        <extensions>
          <gpxtpx:TrackPointExtension>
            <gpxtpx:hr>186</gpxtpx:hr>
          </gpxtpx:TrackPointExtension>
        </extensions>
      </trkpt>
      <trkpt lat="22.495106249280084" lon="113.9478600573111">
        <ele>1.0</ele>
        <time>2026-08-13T11:42:30Z</time>
        <extensions>
          <gpxtpx:TrackPointExtension>
            <gpxtpx:hr>186</gpxtpx:hr>
          </gpxtpx:TrackPointExtension>
        </extensions>
      </trkpt>
      <trkpt lat="22.495144283782523" lon="113.94784408048267">
        <ele>1.0</ele>
        <time>2026-08-13T11:42:33Z</time>
        <extensions>
          <gpxtpx:TrackPointExtension>
            <gpxtpx:hr>185</gpxtpx:hr>
          </gpxtpx:TrackPointExtension>
        </extensions>
      </trkpt>
      <trkpt lat="22.495207348450208" lon="113.94781412442563">
        <ele>1.0</ele>
        <time>2026-08-13T11:42:36Z</time>
        <extensions>
          <gpxtpx:TrackPointExtension>
            <gpxtpx:hr>186</gpxtpx:hr>
          </gpxtpx:TrackPointExtension>
        </extensions>
      </trkpt>
      <trkpt lat="22.495268417392893" lon="113.94778217165357">
        <ele>1.0</ele>
        <time>2026-08-13T11:42:39Z</time>
        <extensions>
          <gpxtpx:TrackPointExtension>
            <gpxtpx:hr>185</gpxtpx:hr>
          </gpxtpx:TrackPointExtension>
        </extensions>
      </trkpt>
      <trkpt lat="22.495332479830843" lon="113.94775321386967">
        <ele>1.0</ele>
        <time>2026-08-13T11:42:42Z</time>
        <extensions>
          <gpxtpx:TrackPointExtension>
            <gpxtpx:hr>185</gpxtpx:hr>
          </gpxtpx:TrackPointExtension>
        </extensions>
      </trkpt>
      <trkpt lat="22.49537151856857" lon="113.94773524010292">
        <ele>1.0</ele>
        <time>2026-08-13T11:42:45Z</time>
        <extensions>
          <gpxtpx:TrackPointExtension>
            <gpxtpx:hr>186</gpxtpx:hr>
          </gpxtpx:TrackPointExtension>
        </extensions>
      </trkpt>
      <trkpt lat="22.495433598170457" lon="113.94769829513808">
        <ele>1.0</ele>
        <time>2026-08-13T11:42:48Z</time>
        <extensions>
          <gpxtpx:TrackPointExtension>
            <gpxtpx:hr>186</gpxtpx:hr>
          </gpxtpx:TrackPointExtension>
        </extensions>
      </trkpt>
      <trkpt lat="22.495493673419755" lon="113.9476633470662">
        <ele>1.0</ele>
        <time>2026-08-13T11:42:51Z</time>
        <extensions>
          <gpxtpx:TrackPointExtension>
            <gpxtpx:hr>186</gpxtpx:hr>
          </gpxtpx:TrackPointExtension>
        </extensions>
      </trkpt>
      <trkpt lat="22.49555274217338" lon="113.94763139424153">
        <ele>1.0</ele>
        <time>2026-08-13T11:42:54Z</time>
        <extensions>
          <gpxtpx:TrackPointExtension>
            <gpxtpx:hr>186</gpxtpx:hr>
          </gpxtpx:TrackPointExtension>
        </extensions>
      </trkpt>
      <trkpt lat="22.495588778677366" lon="113.94761441899345">
        <ele>1.0</ele>
        <time>2026-08-13T11:42:57Z</time>
        <extensions>
          <gpxtpx:TrackPointExtension>
            <gpxtpx:hr>186</gpxtpx:hr>
          </gpxtpx:TrackPointExtension>
        </extensions>
      </trkpt>
      <trkpt lat="22.495652853807364" lon="113.94757947055946">
        <ele>1.0</ele>
        <time>2026-08-13T11:43:00Z</time>
        <extensions>
          <gpxtpx:TrackPointExtension>
            <gpxtpx:hr>186</gpxtpx:hr>
          </gpxtpx:TrackPointExtension>
        </extensions>
      </trkpt>
      <trkpt lat="22.495712937481134" lon="113.94754052868072">
        <ele>1.0</ele>
        <time>2026-08-13T11:43:03Z</time>
        <extensions>
          <gpxtpx:TrackPointExtension>
            <gpxtpx:hr>187</gpxtpx:hr>
          </gpxtpx:TrackPointExtension>
        </extensions>
      </trkpt>
      <trkpt lat="22.49577301680647" lon="113.9475035835745">
        <ele>1.0</ele>
        <time>2026-08-13T11:43:06Z</time>
        <extensions>
          <gpxtpx:TrackPointExtension>
            <gpxtpx:hr>187</gpxtpx:hr>
          </gpxtpx:TrackPointExtension>
        </extensions>
      </trkpt>
      <trkpt lat="22.495810059656904" lon="113.94748361293675">
        <ele>1.0</ele>
        <time>2026-08-13T11:43:09Z</time>
        <extensions>
          <gpxtpx:TrackPointExtension>
            <gpxtpx:hr>186</gpxtpx:hr>
          </gpxtpx:TrackPointExtension>
        </extensions>
      </trkpt>
      <trkpt lat="22.49586913247212" lon="113.94744966306507">
        <ele>1.0</ele>
        <time>2026-08-13T11:43:12Z</time>
        <extensions>
          <gpxtpx:TrackPointExtension>
            <gpxtpx:hr>186</gpxtpx:hr>
          </gpxtpx:TrackPointExtension>
        </extensions>
      </trkpt>
      <trkpt lat="22.495926196675967" lon="113.94741970694768">
        <ele>1.0</ele>
        <time>2026-08-13T11:43:15Z</time>
        <extensions>
          <gpxtpx:TrackPointExtension>
            <gpxtpx:hr>186</gpxtpx:hr>
          </gpxtpx:TrackPointExtension>
        </extensions>
      </trkpt>
      <trkpt lat="22.495990247983823" lon="113.94739574086591">
        <ele>1.0</ele>
        <time>2026-08-13T11:43:18Z</time>
        <extensions>
          <gpxtpx:TrackPointExtension>
            <gpxtpx:hr>186</gpxtpx:hr>
          </gpxtpx:TrackPointExtension>
        </extensions>
      </trkpt>
      <trkpt lat="22.496030280038244" lon="113.94738076205392">
        <ele>1.0</ele>
        <time>2026-08-13T11:43:21Z</time>
        <extensions>
          <gpxtpx:TrackPointExtension>
            <gpxtpx:hr>187</gpxtpx:hr>
          </gpxtpx:TrackPointExtension>
        </extensions>
      </trkpt>
      <trkpt lat="22.49609634842182" lon="113.94734880844973">
        <ele>1.0</ele>
        <time>2026-08-13T11:43:24Z</time>
        <extensions>
          <gpxtpx:TrackPointExtension>
            <gpxtpx:hr>187</gpxtpx:hr>
          </gpxtpx:TrackPointExtension>
        </extensions>
      </trkpt>
      <trkpt lat="22.496157410356332" lon="113.94731985038787">
        <ele>1.0</ele>
        <time>2026-08-13T11:43:27Z</time>
        <extensions>
          <gpxtpx:TrackPointExtension>
            <gpxtpx:hr>187</gpxtpx:hr>
          </gpxtpx:TrackPointExtension>
        </extensions>
      </trkpt>
      <trkpt lat="22.49621846584253" lon="113.9472938875618">
        <ele>1.0</ele>
        <time>2026-08-13T11:43:30Z</time>
        <extensions>
          <gpxtpx:TrackPointExtension>
            <gpxtpx:hr>187</gpxtpx:hr>
          </gpxtpx:TrackPointExtension>
        </extensions>
      </trkpt>
      <trkpt lat="22.496256491422564" lon="113.94728190408777">
        <ele>1.0</ele>
        <time>2026-08-13T11:43:33Z</time>
        <extensions>
          <gpxtpx:TrackPointExtension>
            <gpxtpx:hr>187</gpxtpx:hr>
          </gpxtpx:TrackPointExtension>
        </extensions>
      </trkpt>
      <trkpt lat="22.496316529773413" lon="113.94726392867693">
        <ele>1.0</ele>
        <time>2026-08-13T11:43:36Z</time>
        <extensions>
          <gpxtpx:TrackPointExtension>
            <gpxtpx:hr>187</gpxtpx:hr>
          </gpxtpx:TrackPointExtension>
        </extensions>
      </trkpt>
      <trkpt lat="22.496379572374366" lon="113.94724395621593">
        <ele>1.0</ele>
        <time>2026-08-13T11:43:39Z</time>
        <extensions>
          <gpxtpx:TrackPointExtension>
            <gpxtpx:hr>187</gpxtpx:hr>
          </gpxtpx:TrackPointExtension>
        </extensions>
      </trkpt>
      <trkpt lat="22.496452623475847" lon="113.94721998940746">
        <ele>1.0</ele>
        <time>2026-08-13T11:43:42Z</time>
        <extensions>
          <gpxtpx:TrackPointExtension>
            <gpxtpx:hr>187</gpxtpx:hr>
          </gpxtpx:TrackPointExtension>
        </extensions>
      </trkpt>
      <trkpt lat="22.496499651127348" lon="113.94720700690553">
        <ele>1.0</ele>
        <time>2026-08-13T11:43:45Z</time>
        <extensions>
          <gpxtpx:TrackPointExtension>
            <gpxtpx:hr>187</gpxtpx:hr>
          </gpxtpx:TrackPointExtension>
        </extensions>
      </trkpt>
      <trkpt lat="22.496579691498052" lon="113.9471880317531">
        <ele>1.0</ele>
        <time>2026-08-13T11:43:48Z</time>
        <extensions>
          <gpxtpx:TrackPointExtension>
            <gpxtpx:hr>187</gpxtpx:hr>
          </gpxtpx:TrackPointExtension>
        </extensions>
      </trkpt>
      <trkpt lat="22.496658729716387" lon="113.94717005507742">
        <ele>1.0</ele>
        <time>2026-08-13T11:43:51Z</time>
        <extensions>
          <gpxtpx:TrackPointExtension>
            <gpxtpx:hr>187</gpxtpx:hr>
          </gpxtpx:TrackPointExtension>
        </extensions>
      </trkpt>
      <trkpt lat="22.49672776367489" lon="113.9471540758773">
        <ele>1.0</ele>
        <time>2026-08-13T11:43:54Z</time>
        <extensions>
          <gpxtpx:TrackPointExtension>
            <gpxtpx:hr>187</gpxtpx:hr>
          </gpxtpx:TrackPointExtension>
        </extensions>
      </trkpt>
      <trkpt lat="22.49676777636803" lon="113.94714808278144">
        <ele>1.0</ele>
        <time>2026-08-13T11:43:57Z</time>
        <extensions>
          <gpxtpx:TrackPointExtension>
            <gpxtpx:hr>187</gpxtpx:hr>
          </gpxtpx:TrackPointExtension>
        </extensions>
      </trkpt>
      <trkpt lat="22.49684179109767" lon="113.94714108910588">
        <ele>1.0</ele>
        <time>2026-08-13T11:44:00Z</time>
        <extensions>
          <gpxtpx:TrackPointExtension>
            <gpxtpx:hr>187</gpxtpx:hr>
          </gpxtpx:TrackPointExtension>
        </extensions>
      </trkpt>
      <trkpt lat="22.49691580581827" lon="113.94713409542848">
        <ele>1.0</ele>
        <time>2026-08-13T11:44:03Z</time>
        <extensions>
          <gpxtpx:TrackPointExtension>
            <gpxtpx:hr>188</gpxtpx:hr>
          </gpxtpx:TrackPointExtension>
        </extensions>
      </trkpt>
      <trkpt lat="22.496985818409414" lon="113.94712810043079">
        <ele>1.0</ele>
        <time>2026-08-13T11:44:06Z</time>
        <extensions>
          <gpxtpx:TrackPointExtension>
            <gpxtpx:hr>188</gpxtpx:hr>
          </gpxtpx:TrackPointExtension>
        </extensions>
      </trkpt>
      <trkpt lat="22.497026828948258" lon="113.94712310569459">
        <ele>1.0</ele>
        <time>2026-08-13T11:44:09Z</time>
        <extensions>
          <gpxtpx:TrackPointExtension>
            <gpxtpx:hr>188</gpxtpx:hr>
          </gpxtpx:TrackPointExtension>
        </extensions>
      </trkpt>
      <trkpt lat="22.49709684579032" lon="113.94711511383645">
        <ele>1.0</ele>
        <time>2026-08-13T11:44:12Z</time>
        <extensions>
          <gpxtpx:TrackPointExtension>
            <gpxtpx:hr>188</gpxtpx:hr>
          </gpxtpx:TrackPointExtension>
        </extensions>
      </trkpt>
      <trkpt lat="22.497168866880124" lon="113.94710512499073">
        <ele>1.0</ele>
        <time>2026-08-13T11:44:15Z</time>
        <extensions>
          <gpxtpx:TrackPointExtension>
            <gpxtpx:hr>188</gpxtpx:hr>
          </gpxtpx:TrackPointExtension>
        </extensions>
      </trkpt>
      <trkpt lat="22.497237870919648" lon="113.9471031237679">
        <ele>1.0</ele>
        <time>2026-08-13T11:44:18Z</time>
        <extensions>
          <gpxtpx:TrackPointExtension>
            <gpxtpx:hr>188</gpxtpx:hr>
          </gpxtpx:TrackPointExtension>
        </extensions>
      </trkpt>
      <trkpt lat="22.497276866527873" lon="113.94710511816018">
        <ele>1.0</ele>
        <time>2026-08-13T11:44:21Z</time>
        <extensions>
          <gpxtpx:TrackPointExtension>
            <gpxtpx:hr>188</gpxtpx:hr>
          </gpxtpx:TrackPointExtension>
        </extensions>
      </trkpt>
      <trkpt lat="22.49733586419741" lon="113.94710611285804">
        <ele>1.0</ele>
        <time>2026-08-13T11:44:24Z</time>
        <extensions>
          <gpxtpx:TrackPointExtension>
            <gpxtpx:hr>187</gpxtpx:hr>
          </gpxtpx:TrackPointExtension>
        </extensions>
      </trkpt>
      <trkpt lat="22.49738787041236" lon="113.947103114281">
        <ele>1.0</ele>
        <time>2026-08-13T11:44:27Z</time>
        <extensions>
          <gpxtpx:TrackPointExtension>
            <gpxtpx:hr>188</gpxtpx:hr>
          </gpxtpx:TrackPointExtension>
        </extensions>
      </trkpt>
      <trkpt lat="22.49743887875816" lon="113.9470991173373">
        <ele>1.0</ele>
        <time>2026-08-13T11:44:30Z</time>
        <extensions>
          <gpxtpx:TrackPointExtension>
            <gpxtpx:hr>188</gpxtpx:hr>
          </gpxtpx:TrackPointExtension>
        </extensions>
      </trkpt>
      <trkpt lat="22.49746888078224" lon="113.94709811701028">
        <ele>1.0</ele>
        <time>2026-08-13T11:44:33Z</time>
        <extensions>
          <gpxtpx:TrackPointExtension>
            <gpxtpx:hr>186</gpxtpx:hr>
          </gpxtpx:TrackPointExtension>
        </extensions>
      </trkpt>
      <trkpt lat="22.49751688700173" lon="113.94709511868534">
        <ele>1.0</ele>
        <time>2026-08-13T11:44:36Z</time>
        <extensions>
          <gpxtpx:TrackPointExtension>
            <gpxtpx:hr>185</gpxtpx:hr>
          </gpxtpx:TrackPointExtension>
        </extensions>
      </trkpt>
      <trkpt lat="22.49756088897069" lon="113.94709411747273">
        <ele>1.0</ele>
        <time>2026-08-13T11:44:39Z</time>
        <extensions>
          <gpxtpx:TrackPointExtension>
            <gpxtpx:hr>185</gpxtpx:hr>
          </gpxtpx:TrackPointExtension>
        </extensions>
      </trkpt>
      <trkpt lat="22.49760288028912" lon="113.94709810853526">
        <ele>1.0</ele>
        <time>2026-08-13T11:44:42Z</time>
        <extensions>
          <gpxtpx:TrackPointExtension>
            <gpxtpx:hr>183</gpxtpx:hr>
          </gpxtpx:TrackPointExtension>
        </extensions>
      </trkpt>
      <trkpt lat="22.497629875924428" lon="113.94710010368682">
        <ele>1.0</ele>
        <time>2026-08-13T11:44:45Z</time>
        <extensions>
          <gpxtpx:TrackPointExtension>
            <gpxtpx:hr>183</gpxtpx:hr>
          </gpxtpx:TrackPointExtension>
        </extensions>
      </trkpt>
      <trkpt lat="22.497681865068046" lon="113.94710509254539">
        <ele>1.0</ele>
        <time>2026-08-13T11:44:48Z</time>
        <extensions>
          <gpxtpx:TrackPointExtension>
            <gpxtpx:hr>185</gpxtpx:hr>
          </gpxtpx:TrackPointExtension>
        </extensions>
      </trkpt>
      <trkpt lat="22.497740845652856" lon="113.94711407467675">
        <ele>1.0</ele>
        <time>2026-08-13T11:44:51Z</time>
        <extensions>
          <gpxtpx:TrackPointExtension>
            <gpxtpx:hr>185</gpxtpx:hr>
          </gpxtpx:TrackPointExtension>
        </extensions>
      </trkpt>
      <trkpt lat="22.497798824102134" lon="113.947124055297">
        <ele>1.0</ele>
        <time>2026-08-13T11:44:54Z</time>
        <extensions>
          <gpxtpx:TrackPointExtension>
            <gpxtpx:hr>183</gpxtpx:hr>
          </gpxtpx:TrackPointExtension>
        </extensions>
      </trkpt>
      <trkpt lat="22.497836811154805" lon="113.94713004346495">
        <ele>1.0</ele>
        <time>2026-08-13T11:44:57Z</time>
        <extensions>
          <gpxtpx:TrackPointExtension>
            <gpxtpx:hr>180</gpxtpx:hr>
          </gpxtpx:TrackPointExtension>
        </extensions>
      </trkpt>
      <trkpt lat="22.497901789561876" lon="113.94714002363644">
        <ele>1.0</ele>
        <time>2026-08-13T11:45:00Z</time>
        <extensions>
          <gpxtpx:TrackPointExtension>
            <gpxtpx:hr>177</gpxtpx:hr>
          </gpxtpx:TrackPointExtension>
        </extensions>
      </trkpt>
      <trkpt lat="22.49796676156064" lon="113.94715299908708">
        <ele>1.0</ele>
        <time>2026-08-13T11:45:03Z</time>
        <extensions>
          <gpxtpx:TrackPointExtension>
            <gpxtpx:hr>176</gpxtpx:hr>
          </gpxtpx:TrackPointExtension>
        </extensions>
      </trkpt>
      <trkpt lat="22.49803372927196" lon="113.94716797125899">
        <ele>1.0</ele>
        <time>2026-08-13T11:45:06Z</time>
        <extensions>
          <gpxtpx:TrackPointExtension>
            <gpxtpx:hr>176</gpxtpx:hr>
          </gpxtpx:TrackPointExtension>
        </extensions>
      </trkpt>
      <trkpt lat="22.498073709892964" lon="113.94717695457071">
        <ele>1.0</ele>
        <time>2026-08-13T11:45:09Z</time>
        <extensions>
          <gpxtpx:TrackPointExtension>
            <gpxtpx:hr>175</gpxtpx:hr>
          </gpxtpx:TrackPointExtension>
        </extensions>
      </trkpt>
      <trkpt lat="22.49814068185096" lon="113.94718992987679">
        <ele>1.0</ele>
        <time>2026-08-13T11:45:12Z</time>
        <extensions>
          <gpxtpx:TrackPointExtension>
            <gpxtpx:hr>175</gpxtpx:hr>
          </gpxtpx:TrackPointExtension>
        </extensions>
      </trkpt>
      <trkpt lat="22.498207651662163" lon="113.94720390360217">
        <ele>1.0</ele>
        <time>2026-08-13T11:45:15Z</time>
        <extensions>
          <gpxtpx:TrackPointExtension>
            <gpxtpx:hr>176</gpxtpx:hr>
          </gpxtpx:TrackPointExtension>
        </extensions>
      </trkpt>
      <trkpt lat="22.498273627871157" lon="113.94721488210784">
        <ele>1.0</ele>
        <time>2026-08-13T11:45:18Z</time>
        <extensions>
          <gpxtpx:TrackPointExtension>
            <gpxtpx:hr>177</gpxtpx:hr>
          </gpxtpx:TrackPointExtension>
        </extensions>
      </trkpt>
      <trkpt lat="22.498310608478675" lon="113.94722386559344">
        <ele>1.0</ele>
        <time>2026-08-13T11:45:21Z</time>
        <extensions>
          <gpxtpx:TrackPointExtension>
            <gpxtpx:hr>176</gpxtpx:hr>
          </gpxtpx:TrackPointExtension>
        </extensions>
      </trkpt>
      <trkpt lat="22.49837157401457" lon="113.94723983652918">
        <ele>1.0</ele>
        <time>2026-08-13T11:45:24Z</time>
        <extensions>
          <gpxtpx:TrackPointExtension>
            <gpxtpx:hr>176</gpxtpx:hr>
          </gpxtpx:TrackPointExtension>
        </extensions>
      </trkpt>
      <trkpt lat="22.498436535243513" lon="113.94725780404968">
        <ele>1.0</ele>
        <time>2026-08-13T11:45:27Z</time>
        <extensions>
          <gpxtpx:TrackPointExtension>
            <gpxtpx:hr>176</gpxtpx:hr>
          </gpxtpx:TrackPointExtension>
        </extensions>
      </trkpt>
      <trkpt lat="22.498501492180587" lon="113.94727776840392">
        <ele>1.0</ele>
        <time>2026-08-13T11:45:30Z</time>
        <extensions>
          <gpxtpx:TrackPointExtension>
            <gpxtpx:hr>177</gpxtpx:hr>
          </gpxtpx:TrackPointExtension>
        </extensions>
      </trkpt>
      <trkpt lat="22.49854145991453" lon="113.94729274221324">
        <ele>1.0</ele>
        <time>2026-08-13T11:45:33Z</time>
        <extensions>
          <gpxtpx:TrackPointExtension>
            <gpxtpx:hr>177</gpxtpx:hr>
          </gpxtpx:TrackPointExtension>
        </extensions>
      </trkpt>
      <trkpt lat="22.498610397547807" lon="113.94732169208109">
        <ele>1.0</ele>
        <time>2026-08-13T11:45:36Z</time>
        <extensions>
          <gpxtpx:TrackPointExtension>
            <gpxtpx:hr>177</gpxtpx:hr>
          </gpxtpx:TrackPointExtension>
        </extensions>
      </trkpt>
      <trkpt lat="22.498680337280135" lon="113.94734964343405">
        <ele>1.0</ele>
        <time>2026-08-13T11:45:39Z</time>
        <extensions>
          <gpxtpx:TrackPointExtension>
            <gpxtpx:hr>177</gpxtpx:hr>
          </gpxtpx:TrackPointExtension>
        </extensions>
      </trkpt>
      <trkpt lat="22.498754279098254" lon="113.9473765960855">
        <ele>1.0</ele>
        <time>2026-08-13T11:45:42Z</time>
        <extensions>
          <gpxtpx:TrackPointExtension>
            <gpxtpx:hr>177</gpxtpx:hr>
          </gpxtpx:TrackPointExtension>
        </extensions>
      </trkpt>
      <trkpt lat="22.498796242473063" lon="113.94739356654996">
        <ele>1.0</ele>
        <time>2026-08-13T11:45:45Z</time>
        <extensions>
          <gpxtpx:TrackPointExtension>
            <gpxtpx:hr>179</gpxtpx:hr>
          </gpxtpx:TrackPointExtension>
        </extensions>
      </trkpt>
      <trkpt lat="22.498863173563652" lon="113.94742551168713">
        <ele>1.0</ele>
        <time>2026-08-13T11:45:48Z</time>
        <extensions>
          <gpxtpx:TrackPointExtension>
            <gpxtpx:hr>180</gpxtpx:hr>
          </gpxtpx:TrackPointExtension>
        </extensions>
      </trkpt>
      <trkpt lat="22.498927113203923" lon="113.94745346331078">
        <ele>1.0</ele>
        <time>2026-08-13T11:45:51Z</time>
        <extensions>
          <gpxtpx:TrackPointExtension>
            <gpxtpx:hr>181</gpxtpx:hr>
          </gpxtpx:TrackPointExtension>
        </extensions>
      </trkpt>
      <trkpt lat="22.498992054950335" lon="113.9474804164266">
        <ele>1.0</ele>
        <time>2026-08-13T11:45:54Z</time>
        <extensions>
          <gpxtpx:TrackPointExtension>
            <gpxtpx:hr>182</gpxtpx:hr>
          </gpxtpx:TrackPointExtension>
        </extensions>
      </trkpt>
      <trkpt lat="22.499030018272837" lon="113.94749738707807">
        <ele>1.0</ele>
        <time>2026-08-13T11:45:57Z</time>
        <extensions>
          <gpxtpx:TrackPointExtension>
            <gpxtpx:hr>183</gpxtpx:hr>
          </gpxtpx:TrackPointExtension>
        </extensions>
      </trkpt>
      <trkpt lat="22.499091944962633" lon="113.94753132923424">
        <ele>1.0</ele>
        <time>2026-08-13T11:46:00Z</time>
        <extensions>
          <gpxtpx:TrackPointExtension>
            <gpxtpx:hr>183</gpxtpx:hr>
          </gpxtpx:TrackPointExtension>
        </extensions>
      </trkpt>
      <trkpt lat="22.49915386516429" lon="113.94756826658363">
        <ele>1.0</ele>
        <time>2026-08-13T11:46:03Z</time>
        <extensions>
          <gpxtpx:TrackPointExtension>
            <gpxtpx:hr>183</gpxtpx:hr>
          </gpxtpx:TrackPointExtension>
        </extensions>
      </trkpt>
      <trkpt lat="22.499213789622768" lon="113.94760320718714">
        <ele>1.0</ele>
        <time>2026-08-13T11:46:06Z</time>
        <extensions>
          <gpxtpx:TrackPointExtension>
            <gpxtpx:hr>184</gpxtpx:hr>
          </gpxtpx:TrackPointExtension>
        </extensions>
      </trkpt>
      <trkpt lat="22.499249750723674" lon="113.94762117629729">
        <ele>1.0</ele>
        <time>2026-08-13T11:46:09Z</time>
        <extensions>
          <gpxtpx:TrackPointExtension>
            <gpxtpx:hr>184</gpxtpx:hr>
          </gpxtpx:TrackPointExtension>
        </extensions>
      </trkpt>
      <trkpt lat="22.499310685856905" lon="113.94765112472417">
        <ele>1.0</ele>
        <time>2026-08-13T11:46:12Z</time>
        <extensions>
          <gpxtpx:TrackPointExtension>
            <gpxtpx:hr>185</gpxtpx:hr>
          </gpxtpx:TrackPointExtension>
        </extensions>
      </trkpt>
      <trkpt lat="22.49937159728458" lon="113.9476920556016">
        <ele>1.0</ele>
        <time>2026-08-13T11:46:15Z</time>
        <extensions>
          <gpxtpx:TrackPointExtension>
            <gpxtpx:hr>184</gpxtpx:hr>
          </gpxtpx:TrackPointExtension>
        </extensions>
      </trkpt>
      <trkpt lat="22.49942850221348" lon="113.9477359818872">
        <ele>1.0</ele>
        <time>2026-08-13T11:46:18Z</time>
        <extensions>
          <gpxtpx:TrackPointExtension>
            <gpxtpx:hr>185</gpxtpx:hr>
          </gpxtpx:TrackPointExtension>
        </extensions>
      </trkpt>
      <trkpt lat="22.49946144816008" lon="113.94776093993316">
        <ele>1.0</ele>
        <time>2026-08-13T11:46:21Z</time>
        <extensions>
          <gpxtpx:TrackPointExtension>
            <gpxtpx:hr>185</gpxtpx:hr>
          </gpxtpx:TrackPointExtension>
        </extensions>
      </trkpt>
      <trkpt lat="22.49951536161891" lon="113.94780087268252">
        <ele>1.0</ele>
        <time>2026-08-13T11:46:24Z</time>
        <extensions>
          <gpxtpx:TrackPointExtension>
            <gpxtpx:hr>184</gpxtpx:hr>
          </gpxtpx:TrackPointExtension>
        </extensions>
      </trkpt>
      <trkpt lat="22.499569272861212" lon="113.94784180377445">
        <ele>1.0</ele>
        <time>2026-08-13T11:46:27Z</time>
        <extensions>
          <gpxtpx:TrackPointExtension>
            <gpxtpx:hr>184</gpxtpx:hr>
          </gpxtpx:TrackPointExtension>
        </extensions>
      </trkpt>
      <trkpt lat="22.499624188351945" lon="113.94788073793998">
        <ele>1.0</ele>
        <time>2026-08-13T11:46:30Z</time>
        <extensions>
          <gpxtpx:TrackPointExtension>
            <gpxtpx:hr>184</gpxtpx:hr>
          </gpxtpx:TrackPointExtension>
        </extensions>
      </trkpt>
      <trkpt lat="22.499658131998302" lon="113.94790669418772">
        <ele>1.0</ele>
        <time>2026-08-13T11:46:33Z</time>
        <extensions>
          <gpxtpx:TrackPointExtension>
            <gpxtpx:hr>184</gpxtpx:hr>
          </gpxtpx:TrackPointExtension>
        </extensions>
      </trkpt>
      <trkpt lat="22.499711023637506" lon="113.94795661076189">
        <ele>1.0</ele>
        <time>2026-08-13T11:46:36Z</time>
        <extensions>
          <gpxtpx:TrackPointExtension>
            <gpxtpx:hr>184</gpxtpx:hr>
          </gpxtpx:TrackPointExtension>
        </extensions>
      </trkpt>
      <trkpt lat="22.499764921668213" lon="113.94800353199282">
        <ele>1.0</ele>
        <time>2026-08-13T11:46:39Z</time>
        <extensions>
          <gpxtpx:TrackPointExtension>
            <gpxtpx:hr>185</gpxtpx:hr>
          </gpxtpx:TrackPointExtension>
        </extensions>
      </trkpt>
      <trkpt lat="22.49982182609143" lon="113.9480474577697">
        <ele>1.0</ele>
        <time>2026-08-13T11:46:42Z</time>
        <extensions>
          <gpxtpx:TrackPointExtension>
            <gpxtpx:hr>184</gpxtpx:hr>
          </gpxtpx:TrackPointExtension>
        </extensions>
      </trkpt>
      <trkpt lat="22.49985676307612" lon="113.94807640897326">
        <ele>1.0</ele>
        <time>2026-08-13T11:46:45Z</time>
        <extensions>
          <gpxtpx:TrackPointExtension>
            <gpxtpx:hr>184</gpxtpx:hr>
          </gpxtpx:TrackPointExtension>
        </extensions>
      </trkpt>
      <trkpt lat="22.49991665435935" lon="113.94812632479035">
        <ele>1.0</ele>
        <time>2026-08-13T11:46:48Z</time>
        <extensions>
          <gpxtpx:TrackPointExtension>
            <gpxtpx:hr>184</gpxtpx:hr>
          </gpxtpx:TrackPointExtension>
        </extensions>
      </trkpt>
      <trkpt lat="22.49997554555844" lon="113.94817624057845">
        <ele>1.0</ele>
        <time>2026-08-13T11:46:51Z</time>
        <extensions>
          <gpxtpx:TrackPointExtension>
            <gpxtpx:hr>183</gpxtpx:hr>
          </gpxtpx:TrackPointExtension>
        </extensions>
      </trkpt>
      <trkpt lat="22.500034436666663" lon="113.94822615627434">
        <ele>1.0</ele>
        <time>2026-08-13T11:46:54Z</time>
        <extensions>
          <gpxtpx:TrackPointExtension>
            <gpxtpx:hr>182</gpxtpx:hr>
          </gpxtpx:TrackPointExtension>
        </extensions>
      </trkpt>
      <trkpt lat="22.50006837781222" lon="113.94825311057642">
        <ele>1.0</ele>
        <time>2026-08-13T11:46:57Z</time>
        <extensions>
          <gpxtpx:TrackPointExtension>
            <gpxtpx:hr>181</gpxtpx:hr>
          </gpxtpx:TrackPointExtension>
        </extensions>
      </trkpt>
      <trkpt lat="22.500122292718302" lon="113.94829204421161">
        <ele>1.0</ele>
        <time>2026-08-13T11:47:00Z</time>
        <extensions>
          <gpxtpx:TrackPointExtension>
            <gpxtpx:hr>182</gpxtpx:hr>
          </gpxtpx:TrackPointExtension>
        </extensions>
      </trkpt>
      <trkpt lat="22.500175214097403" lon="113.94832798270254">
        <ele>1.0</ele>
        <time>2026-08-13T11:47:03Z</time>
        <extensions>
          <gpxtpx:TrackPointExtension>
            <gpxtpx:hr>182</gpxtpx:hr>
          </gpxtpx:TrackPointExtension>
        </extensions>
      </trkpt>
      <trkpt lat="22.500226131092244" lon="113.94836591803738">
        <ele>1.0</ele>
        <time>2026-08-13T11:47:06Z</time>
        <extensions>
          <gpxtpx:TrackPointExtension>
            <gpxtpx:hr>183</gpxtpx:hr>
          </gpxtpx:TrackPointExtension>
        </extensions>
      </trkpt>
      <trkpt lat="22.500260078627456" lon="113.94838987705565">
        <ele>1.0</ele>
        <time>2026-08-13T11:47:09Z</time>
        <extensions>
          <gpxtpx:TrackPointExtension>
            <gpxtpx:hr>184</gpxtpx:hr>
          </gpxtpx:TrackPointExtension>
        </extensions>
      </trkpt>
      <trkpt lat="22.50031999111404" lon="113.94842980849482">
        <ele>1.0</ele>
        <time>2026-08-13T11:47:12Z</time>
        <extensions>
          <gpxtpx:TrackPointExtension>
            <gpxtpx:hr>185</gpxtpx:hr>
          </gpxtpx:TrackPointExtension>
        </extensions>
      </trkpt>
      <trkpt lat="22.500379907898477" lon="113.94846774311776">
        <ele>1.0</ele>
        <time>2026-08-13T11:47:15Z</time>
        <extensions>
          <gpxtpx:TrackPointExtension>
            <gpxtpx:hr>186</gpxtpx:hr>
          </gpxtpx:TrackPointExtension>
        </extensions>
      </trkpt>
      <trkpt lat="22.500441828973504" lon="113.94850368080634">
        <ele>1.0</ele>
        <time>2026-08-13T11:47:18Z</time>
        <extensions>
          <gpxtpx:TrackPointExtension>
            <gpxtpx:hr>186</gpxtpx:hr>
          </gpxtpx:TrackPointExtension>
        </extensions>
      </trkpt>
      <trkpt lat="22.500475778565992" lon="113.94852664132641">
        <ele>1.0</ele>
        <time>2026-08-13T11:47:21Z</time>
        <extensions>
          <gpxtpx:TrackPointExtension>
            <gpxtpx:hr>186</gpxtpx:hr>
          </gpxtpx:TrackPointExtension>
        </extensions>
      </trkpt>
      <trkpt lat="22.500531695242223" lon="113.94856457606713">
        <ele>1.0</ele>
        <time>2026-08-13T11:47:24Z</time>
        <extensions>
          <gpxtpx:TrackPointExtension>
            <gpxtpx:hr>186</gpxtpx:hr>
          </gpxtpx:TrackPointExtension>
        </extensions>
      </trkpt>
      <trkpt lat="22.500591607466827" lon="113.94860450724939">
        <ele>1.0</ele>
        <time>2026-08-13T11:47:27Z</time>
        <extensions>
          <gpxtpx:TrackPointExtension>
            <gpxtpx:hr>186</gpxtpx:hr>
          </gpxtpx:TrackPointExtension>
        </extensions>
      </trkpt>
      <trkpt lat="22.500650515269903" lon="113.94864643518075">
        <ele>1.0</ele>
        <time>2026-08-13T11:47:30Z</time>
        <extensions>
          <gpxtpx:TrackPointExtension>
            <gpxtpx:hr>185</gpxtpx:hr>
          </gpxtpx:TrackPointExtension>
        </extensions>
      </trkpt>
      <trkpt lat="22.5006864669101" lon="113.94866839708233">
        <ele>1.0</ele>
        <time>2026-08-13T11:47:33Z</time>
        <extensions>
          <gpxtpx:TrackPointExtension>
            <gpxtpx:hr>185</gpxtpx:hr>
          </gpxtpx:TrackPointExtension>
        </extensions>
      </trkpt>
      <trkpt lat="22.500751398621887" lon="113.94869934246503">
        <ele>1.0</ele>
        <time>2026-08-13T11:47:36Z</time>
        <extensions>
          <gpxtpx:TrackPointExtension>
            <gpxtpx:hr>185</gpxtpx:hr>
          </gpxtpx:TrackPointExtension>
        </extensions>
      </trkpt>
      <trkpt lat="22.50082133025479" lon="113.94873028749619">
        <ele>1.0</ele>
        <time>2026-08-13T11:47:39Z</time>
        <extensions>
          <gpxtpx:TrackPointExtension>
            <gpxtpx:hr>185</gpxtpx:hr>
          </gpxtpx:TrackPointExtension>
        </extensions>
      </trkpt>
      <trkpt lat="22.50089326402078" lon="113.94876023399762">
        <ele>1.0</ele>
        <time>2026-08-13T11:47:42Z</time>
        <extensions>
          <gpxtpx:TrackPointExtension>
            <gpxtpx:hr>185</gpxtpx:hr>
          </gpxtpx:TrackPointExtension>
        </extensions>
      </trkpt>
      <trkpt lat="22.50093422646981" lon="113.9487772036545">
        <ele>1.0</ele>
        <time>2026-08-13T11:47:45Z</time>
        <extensions>
          <gpxtpx:TrackPointExtension>
            <gpxtpx:hr>185</gpxtpx:hr>
          </gpxtpx:TrackPointExtension>
        </extensions>
      </trkpt>
      <trkpt lat="22.50099717339351" lon="113.94880116047533">
        <ele>1.0</ele>
        <time>2026-08-13T11:47:48Z</time>
        <extensions>
          <gpxtpx:TrackPointExtension>
            <gpxtpx:hr>185</gpxtpx:hr>
          </gpxtpx:TrackPointExtension>
        </extensions>
      </trkpt>
      <trkpt lat="22.501060124674243" lon="113.94882312054371">
        <ele>1.0</ele>
        <time>2026-08-13T11:47:51Z</time>
        <extensions>
          <gpxtpx:TrackPointExtension>
            <gpxtpx:hr>186</gpxtpx:hr>
          </gpxtpx:TrackPointExtension>
        </extensions>
      </trkpt>
      <trkpt lat="22.501125062765283" lon="113.94885107065673">
        <ele>1.0</ele>
        <time>2026-08-13T11:47:54Z</time>
        <extensions>
          <gpxtpx:TrackPointExtension>
            <gpxtpx:hr>187</gpxtpx:hr>
          </gpxtpx:TrackPointExtension>
        </extensions>
      </trkpt>
      <trkpt lat="22.50116503173467" lon="113.94886504522793">
        <ele>1.0</ele>
        <time>2026-08-13T11:47:57Z</time>
        <extensions>
          <gpxtpx:TrackPointExtension>
            <gpxtpx:hr>186</gpxtpx:hr>
          </gpxtpx:TrackPointExtension>
        </extensions>
      </trkpt>
      <trkpt lat="22.501227993918523" lon="113.94888201342746">
        <ele>1.0</ele>
        <time>2026-08-13T11:48:00Z</time>
        <extensions>
          <gpxtpx:TrackPointExtension>
            <gpxtpx:hr>187</gpxtpx:hr>
          </gpxtpx:TrackPointExtension>
        </extensions>
      </trkpt>
      <trkpt lat="22.50129493850284" lon="113.94890696826576">
        <ele>1.0</ele>
        <time>2026-08-13T11:48:03Z</time>
        <extensions>
          <gpxtpx:TrackPointExtension>
            <gpxtpx:hr>187</gpxtpx:hr>
          </gpxtpx:TrackPointExtension>
        </extensions>
      </trkpt>
      <trkpt lat="22.50135788967894" lon="113.94892892824895">
        <ele>1.0</ele>
        <time>2026-08-13T11:48:06Z</time>
        <extensions>
          <gpxtpx:TrackPointExtension>
            <gpxtpx:hr>187</gpxtpx:hr>
          </gpxtpx:TrackPointExtension>
        </extensions>
      </trkpt>
      <trkpt lat="22.50139786518365" lon="113.94893990769604">
        <ele>1.0</ele>
        <time>2026-08-13T11:48:09Z</time>
        <extensions>
          <gpxtpx:TrackPointExtension>
            <gpxtpx:hr>187</gpxtpx:hr>
          </gpxtpx:TrackPointExtension>
        </extensions>
      </trkpt>
      <trkpt lat="22.501471827206096" lon="113.94895687515293">
        <ele>1.0</ele>
        <time>2026-08-13T11:48:12Z</time>
        <extensions>
          <gpxtpx:TrackPointExtension>
            <gpxtpx:hr>188</gpxtpx:hr>
          </gpxtpx:TrackPointExtension>
        </extensions>
      </trkpt>
      <trkpt lat="22.501545791407477" lon="113.94897284423901">
        <ele>1.0</ele>
        <time>2026-08-13T11:48:15Z</time>
        <extensions>
          <gpxtpx:TrackPointExtension>
            <gpxtpx:hr>188</gpxtpx:hr>
          </gpxtpx:TrackPointExtension>
        </extensions>
      </trkpt>
      <trkpt lat="22.501616766602933" lon="113.94898382170675">
        <ele>1.0</ele>
        <time>2026-08-13T11:48:18Z</time>
        <extensions>
          <gpxtpx:TrackPointExtension>
            <gpxtpx:hr>188</gpxtpx:hr>
          </gpxtpx:TrackPointExtension>
        </extensions>
      </trkpt>
      <trkpt lat="22.50165975522596" lon="113.94898881078453">
        <ele>1.0</ele>
        <time>2026-08-13T11:48:21Z</time>
        <extensions>
          <gpxtpx:TrackPointExtension>
            <gpxtpx:hr>188</gpxtpx:hr>
          </gpxtpx:TrackPointExtension>
        </extensions>
      </trkpt>
      <trkpt lat="22.501734736958262" lon="113.94899679291473">
        <ele>1.0</ele>
        <time>2026-08-13T11:48:24Z</time>
        <extensions>
          <gpxtpx:TrackPointExtension>
            <gpxtpx:hr>188</gpxtpx:hr>
          </gpxtpx:TrackPointExtension>
        </extensions>
      </trkpt>
      <trkpt lat="22.501809723075137" lon="113.94900277832431">
        <ele>1.0</ele>
        <time>2026-08-13T11:48:27Z</time>
        <extensions>
          <gpxtpx:TrackPointExtension>
            <gpxtpx:hr>188</gpxtpx:hr>
          </gpxtpx:TrackPointExtension>
        </extensions>
      </trkpt>
      <trkpt lat="22.50186972250881" lon="113.94900277452747">
        <ele>1.0</ele>
        <time>2026-08-13T11:48:30Z</time>
        <extensions>
          <gpxtpx:TrackPointExtension>
            <gpxtpx:hr>188</gpxtpx:hr>
          </gpxtpx:TrackPointExtension>
        </extensions>
      </trkpt>
      <trkpt lat="22.50189672884354" lon="113.94899977774125">
        <ele>1.0</ele>
        <time>2026-08-13T11:48:33Z</time>
        <extensions>
          <gpxtpx:TrackPointExtension>
            <gpxtpx:hr>189</gpxtpx:hr>
          </gpxtpx:TrackPointExtension>
        </extensions>
      </trkpt>
      <trkpt lat="22.501946712986314" lon="113.94900676309119">
        <ele>1.0</ele>
        <time>2026-08-13T11:48:36Z</time>
        <extensions>
          <gpxtpx:TrackPointExtension>
            <gpxtpx:hr>190</gpxtpx:hr>
          </gpxtpx:TrackPointExtension>
        </extensions>
      </trkpt>
      <trkpt lat="22.502010664022936" lon="113.9490287229307">
        <ele>1.0</ele>
        <time>2026-08-13T11:48:39Z</time>
        <extensions>
          <gpxtpx:TrackPointExtension>
            <gpxtpx:hr>190</gpxtpx:hr>
          </gpxtpx:TrackPointExtension>
        </extensions>
      </trkpt>
      <trkpt lat="22.50208059079097" lon="113.9490616643022">
        <ele>1.0</ele>
        <time>2026-08-13T11:48:42Z</time>
        <extensions>
          <gpxtpx:TrackPointExtension>
            <gpxtpx:hr>189</gpxtpx:hr>
          </gpxtpx:TrackPointExtension>
        </extensions>
      </trkpt>
      <trkpt lat="22.502119542020722" lon="113.9490836256797">
        <ele>1.0</ele>
        <time>2026-08-13T11:48:45Z</time>
        <extensions>
          <gpxtpx:TrackPointExtension>
            <gpxtpx:hr>189</gpxtpx:hr>
          </gpxtpx:TrackPointExtension>
        </extensions>
      </trkpt>
      <trkpt lat="22.50218546655548" lon="113.9491175655933">
        <ele>1.0</ele>
        <time>2026-08-13T11:48:48Z</time>
        <extensions>
          <gpxtpx:TrackPointExtension>
            <gpxtpx:hr>189</gpxtpx:hr>
          </gpxtpx:TrackPointExtension>
        </extensions>
      </trkpt>
      <trkpt lat="22.502253421852142" lon="113.94913752838234">
        <ele>1.0</ele>
        <time>2026-08-13T11:48:51Z</time>
        <extensions>
          <gpxtpx:TrackPointExtension>
            <gpxtpx:hr>188</gpxtpx:hr>
          </gpxtpx:TrackPointExtension>
        </extensions>
      </trkpt>
      <trkpt lat="22.502323407938686" lon="113.94914351407735">
        <ele>1.0</ele>
        <time>2026-08-13T11:48:54Z</time>
        <extensions>
          <gpxtpx:TrackPointExtension>
            <gpxtpx:hr>189</gpxtpx:hr>
          </gpxtpx:TrackPointExtension>
        </extensions>
      </trkpt>
      <trkpt lat="22.502366414109304" lon="113.9491405162939">
        <ele>1.0</ele>
        <time>2026-08-13T11:48:57Z</time>
        <extensions>
          <gpxtpx:TrackPointExtension>
            <gpxtpx:hr>189</gpxtpx:hr>
          </gpxtpx:TrackPointExtension>
        </extensions>
      </trkpt>
      <trkpt lat="22.502436444217768" lon="113.9491265349025">
        <ele>1.0</ele>
        <time>2026-08-13T11:49:00Z</time>
        <extensions>
          <gpxtpx:TrackPointExtension>
            <gpxtpx:hr>189</gpxtpx:hr>
          </gpxtpx:TrackPointExtension>
        </extensions>
      </trkpt>
      <trkpt lat="22.50250349635071" lon="113.9491025701405">
        <ele>1.0</ele>
        <time>2026-08-13T11:49:03Z</time>
        <extensions>
          <gpxtpx:TrackPointExtension>
            <gpxtpx:hr>189</gpxtpx:hr>
          </gpxtpx:TrackPointExtension>
        </extensions>
      </trkpt>
      <trkpt lat="22.502564563917517" lon="113.94907161724171">
        <ele>1.0</ele>
        <time>2026-08-13T11:49:06Z</time>
        <extensions>
          <gpxtpx:TrackPointExtension>
            <gpxtpx:hr>190</gpxtpx:hr>
          </gpxtpx:TrackPointExtension>
        </extensions>
      </trkpt>
      <trkpt lat="22.50259960973332" lon="113.94905064952927">
        <ele>1.0</ele>
        <time>2026-08-13T11:49:09Z</time>
        <extensions>
          <gpxtpx:TrackPointExtension>
            <gpxtpx:hr>191</gpxtpx:hr>
          </gpxtpx:TrackPointExtension>
        </extensions>
      </trkpt>
      <trkpt lat="22.502663675008186" lon="113.94902069474063">
        <ele>1.0</ele>
        <time>2026-08-13T11:49:12Z</time>
        <extensions>
          <gpxtpx:TrackPointExtension>
            <gpxtpx:hr>192</gpxtpx:hr>
          </gpxtpx:TrackPointExtension>
        </extensions>
      </trkpt>
      <trkpt lat="22.50273371601753" lon="113.94900172149288">
        <ele>1.0</ele>
        <time>2026-08-13T11:49:15Z</time>
        <extensions>
          <gpxtpx:TrackPointExtension>
            <gpxtpx:hr>192</gpxtpx:hr>
          </gpxtpx:TrackPointExtension>
        </extensions>
      </trkpt>
      <trkpt lat="22.502805739414146" lon="113.94899073498327">
        <ele>1.0</ele>
        <time>2026-08-13T11:49:18Z</time>
        <extensions>
          <gpxtpx:TrackPointExtension>
            <gpxtpx:hr>192</gpxtpx:hr>
          </gpxtpx:TrackPointExtension>
        </extensions>
      </trkpt>
      <trkpt lat="22.502848758720397" lon="113.94898174702439">
        <ele>1.0</ele>
        <time>2026-08-13T11:49:21Z</time>
        <extensions>
          <gpxtpx:TrackPointExtension>
            <gpxtpx:hr>191</gpxtpx:hr>
          </gpxtpx:TrackPointExtension>
        </extensions>
      </trkpt>
      <trkpt lat="22.5029197865013" lon="113.94896876384938">
        <ele>1.0</ele>
        <time>2026-08-13T11:49:24Z</time>
        <extensions>
          <gpxtpx:TrackPointExtension>
            <gpxtpx:hr>191</gpxtpx:hr>
          </gpxtpx:TrackPointExtension>
        </extensions>
      </trkpt>
      <trkpt lat="22.50299080987865" lon="113.9489577773899">
        <ele>1.0</ele>
        <time>2026-08-13T11:49:27Z</time>
        <extensions>
          <gpxtpx:TrackPointExtension>
            <gpxtpx:hr>191</gpxtpx:hr>
          </gpxtpx:TrackPointExtension>
        </extensions>
      </trkpt>
      <trkpt lat="22.503062839819503" lon="113.94894379577902">
        <ele>1.0</ele>
        <time>2026-08-13T11:49:30Z</time>
        <extensions>
          <gpxtpx:TrackPointExtension>
            <gpxtpx:hr>191</gpxtpx:hr>
          </gpxtpx:TrackPointExtension>
        </extensions>
      </trkpt>
      <trkpt lat="22.503105861291353" lon="113.94893380944312">
        <ele>1.0</ele>
        <time>2026-08-13T11:49:33Z</time>
        <extensions>
          <gpxtpx:TrackPointExtension>
            <gpxtpx:hr>191</gpxtpx:hr>
          </gpxtpx:TrackPointExtension>
        </extensions>
      </trkpt>
      <trkpt lat="22.50317390222553" lon="113.94891483626189">
        <ele>1.0</ele>
        <time>2026-08-13T11:49:36Z</time>
        <extensions>
          <gpxtpx:TrackPointExtension>
            <gpxtpx:hr>191</gpxtpx:hr>
          </gpxtpx:TrackPointExtension>
        </extensions>
      </trkpt>
      <trkpt lat="22.503239947550696" lon="113.94889386646794">
        <ele>1.0</ele>
        <time>2026-08-13T11:49:39Z</time>
        <extensions>
          <gpxtpx:TrackPointExtension>
            <gpxtpx:hr>191</gpxtpx:hr>
          </gpxtpx:TrackPointExtension>
        </extensions>
      </trkpt>
      <trkpt lat="22.50330699722889" lon="113.94887089986686">
        <ele>1.0</ele>
        <time>2026-08-13T11:49:42Z</time>
        <extensions>
          <gpxtpx:TrackPointExtension>
            <gpxtpx:hr>191</gpxtpx:hr>
          </gpxtpx:TrackPointExtension>
        </extensions>
      </trkpt>
      <trkpt lat="22.503346029668542" lon="113.94885592193553">
        <ele>1.0</ele>
        <time>2026-08-13T11:49:45Z</time>
        <extensions>
          <gpxtpx:TrackPointExtension>
            <gpxtpx:hr>191</gpxtpx:hr>
          </gpxtpx:TrackPointExtension>
        </extensions>
      </trkpt>
      <trkpt lat="22.503414077104573" lon="113.94883395360468">
        <ele>1.0</ele>
        <time>2026-08-13T11:49:48Z</time>
        <extensions>
          <gpxtpx:TrackPointExtension>
            <gpxtpx:hr>191</gpxtpx:hr>
          </gpxtpx:TrackPointExtension>
        </extensions>
      </trkpt>
      <trkpt lat="22.503483124506282" lon="113.94881198519292">
        <ele>1.0</ele>
        <time>2026-08-13T11:49:51Z</time>
        <extensions>
          <gpxtpx:TrackPointExtension>
            <gpxtpx:hr>190</gpxtpx:hr>
          </gpxtpx:TrackPointExtension>
        </extensions>
      </trkpt>
      <trkpt lat="22.5035511784662" lon="113.94878702172595">
        <ele>1.0</ele>
        <time>2026-08-13T11:49:54Z</time>
        <extensions>
          <gpxtpx:TrackPointExtension>
            <gpxtpx:hr>190</gpxtpx:hr>
          </gpxtpx:TrackPointExtension>
        </extensions>
      </trkpt>
      <trkpt lat="22.50359221082659" lon="113.94877204362218">
        <ele>1.0</ele>
        <time>2026-08-13T11:49:57Z</time>
        <extensions>
          <gpxtpx:TrackPointExtension>
            <gpxtpx:hr>190</gpxtpx:hr>
          </gpxtpx:TrackPointExtension>
        </extensions>
      </trkpt>
      <trkpt lat="22.503660264742454" lon="113.94874708011878">
        <ele>1.0</ele>
        <time>2026-08-13T11:50:00Z</time>
        <extensions>
          <gpxtpx:TrackPointExtension>
            <gpxtpx:hr>190</gpxtpx:hr>
          </gpxtpx:TrackPointExtension>
        </extensions>
      </trkpt>
      <trkpt lat="22.503727323017706" lon="113.94872011991703">
        <ele>1.0</ele>
        <time>2026-08-13T11:50:03Z</time>
        <extensions>
          <gpxtpx:TrackPointExtension>
            <gpxtpx:hr>190</gpxtpx:hr>
          </gpxtpx:TrackPointExtension>
        </extensions>
      </trkpt>
      <trkpt lat="22.503791392230383" lon="113.94868816802588">
        <ele>1.0</ele>
        <time>2026-08-13T11:50:06Z</time>
        <extensions>
          <gpxtpx:TrackPointExtension>
            <gpxtpx:hr>190</gpxtpx:hr>
          </gpxtpx:TrackPointExtension>
        </extensions>
      </trkpt>
      <trkpt lat="22.50382843550403" lon="113.9486681982648">
        <ele>1.0</ele>
        <time>2026-08-13T11:50:09Z</time>
        <extensions>
          <gpxtpx:TrackPointExtension>
            <gpxtpx:hr>191</gpxtpx:hr>
          </gpxtpx:TrackPointExtension>
        </extensions>
      </trkpt>
      <trkpt lat="22.50388850688442" lon="113.94863524819348">
        <ele>1.0</ele>
        <time>2026-08-13T11:50:12Z</time>
        <extensions>
          <gpxtpx:TrackPointExtension>
            <gpxtpx:hr>192</gpxtpx:hr>
          </gpxtpx:TrackPointExtension>
        </extensions>
      </trkpt>
      <trkpt lat="22.503947576051544" lon="113.9486032965194">
        <ele>1.0</ele>
        <time>2026-08-13T11:50:15Z</time>
        <extensions>
          <gpxtpx:TrackPointExtension>
            <gpxtpx:hr>193</gpxtpx:hr>
          </gpxtpx:TrackPointExtension>
        </extensions>
      </trkpt>
      <trkpt lat="22.50400964514195" lon="113.94857134461805">
        <ele>1.0</ele>
        <time>2026-08-13T11:50:18Z</time>
        <extensions>
          <gpxtpx:TrackPointExtension>
            <gpxtpx:hr>193</gpxtpx:hr>
          </gpxtpx:TrackPointExtension>
        </extensions>
      </trkpt>
      <trkpt lat="22.504048692663186" lon="113.94854937789353">
        <ele>1.0</ele>
        <time>2026-08-13T11:50:21Z</time>
        <extensions>
          <gpxtpx:TrackPointExtension>
            <gpxtpx:hr>193</gpxtpx:hr>
          </gpxtpx:TrackPointExtension>
        </extensions>
      </trkpt>
      <trkpt lat="22.50410977696111" lon="113.94851043735322">
        <ele>1.0</ele>
        <time>2026-08-13T11:50:24Z</time>
        <extensions>
          <gpxtpx:TrackPointExtension>
            <gpxtpx:hr>194</gpxtpx:hr>
          </gpxtpx:TrackPointExtension>
        </extensions>
      </trkpt>
      <trkpt lat="22.504171861189345" lon="113.94847149669394">
        <ele>1.0</ele>
        <time>2026-08-13T11:50:27Z</time>
        <extensions>
          <gpxtpx:TrackPointExtension>
            <gpxtpx:hr>194</gpxtpx:hr>
          </gpxtpx:TrackPointExtension>
        </extensions>
      </trkpt>
      <trkpt lat="22.504234938814715" lon="113.94843555105544">
        <ele>1.0</ele>
        <time>2026-08-13T11:50:30Z</time>
        <extensions>
          <gpxtpx:TrackPointExtension>
            <gpxtpx:hr>194</gpxtpx:hr>
          </gpxtpx:TrackPointExtension>
        </extensions>
      </trkpt>
      <trkpt lat="22.504274984031948" lon="113.94841458253875">
        <ele>1.0</ele>
        <time>2026-08-13T11:50:33Z</time>
        <extensions>
          <gpxtpx:TrackPointExtension>
            <gpxtpx:hr>194</gpxtpx:hr>
          </gpxtpx:TrackPointExtension>
        </extensions>
      </trkpt>
      <trkpt lat="22.504340063728332" lon="113.94837763831646">
        <ele>1.0</ele>
        <time>2026-08-13T11:50:36Z</time>
        <extensions>
          <gpxtpx:TrackPointExtension>
            <gpxtpx:hr>193</gpxtpx:hr>
          </gpxtpx:TrackPointExtension>
        </extensions>
      </trkpt>
      <trkpt lat="22.50440714334629" lon="113.9483406939174">
        <ele>1.0</ele>
        <time>2026-08-13T11:50:39Z</time>
        <extensions>
          <gpxtpx:TrackPointExtension>
            <gpxtpx:hr>193</gpxtpx:hr>
          </gpxtpx:TrackPointExtension>
        </extensions>
      </trkpt>
      <trkpt lat="22.50447920546012" lon="113.9483117362283">
        <ele>1.0</ele>
        <time>2026-08-13T11:50:42Z</time>
        <extensions>
          <gpxtpx:TrackPointExtension>
            <gpxtpx:hr>193</gpxtpx:hr>
          </gpxtpx:TrackPointExtension>
        </extensions>
      </trkpt>
      <trkpt lat="22.504522237498946" lon="113.94829675773677">
        <ele>1.0</ele>
        <time>2026-08-13T11:50:45Z</time>
        <extensions>
          <gpxtpx:TrackPointExtension>
            <gpxtpx:hr>193</gpxtpx:hr>
          </gpxtpx:TrackPointExtension>
        </extensions>
      </trkpt>
      <trkpt lat="22.504590288750308" lon="113.9482727921837">
        <ele>1.0</ele>
        <time>2026-08-13T11:50:48Z</time>
        <extensions>
          <gpxtpx:TrackPointExtension>
            <gpxtpx:hr>193</gpxtpx:hr>
          </gpxtpx:TrackPointExtension>
        </extensions>
      </trkpt>
      <trkpt lat="22.504659333448554" lon="113.9482518217063">
        <ele>1.0</ele>
        <time>2026-08-13T11:50:51Z</time>
        <extensions>
          <gpxtpx:TrackPointExtension>
            <gpxtpx:hr>192</gpxtpx:hr>
          </gpxtpx:TrackPointExtension>
        </extensions>
      </trkpt>
      <trkpt lat="22.5047273868208" lon="113.94822685772601">
        <ele>1.0</ele>
        <time>2026-08-13T11:50:54Z</time>
        <extensions>
          <gpxtpx:TrackPointExtension>
            <gpxtpx:hr>192</gpxtpx:hr>
          </gpxtpx:TrackPointExtension>
        </extensions>
      </trkpt>
      <trkpt lat="22.50476441888156" lon="113.94821187956728">
        <ele>1.0</ele>
        <time>2026-08-13T11:50:57Z</time>
        <extensions>
          <gpxtpx:TrackPointExtension>
            <gpxtpx:hr>192</gpxtpx:hr>
          </gpxtpx:TrackPointExtension>
        </extensions>
      </trkpt>
      <trkpt lat="22.50483046572918" lon="113.9481899108437">
        <ele>1.0</ele>
        <time>2026-08-13T11:51:00Z</time>
        <extensions>
          <gpxtpx:TrackPointExtension>
            <gpxtpx:hr>191</gpxtpx:hr>
          </gpxtpx:TrackPointExtension>
        </extensions>
      </trkpt>
      <trkpt lat="22.50489950383962" lon="113.9481719354711">
        <ele>1.0</ele>
        <time>2026-08-13T11:51:03Z</time>
        <extensions>
          <gpxtpx:TrackPointExtension>
            <gpxtpx:hr>191</gpxtpx:hr>
          </gpxtpx:TrackPointExtension>
        </extensions>
      </trkpt>
      <trkpt lat="22.504969535414833" lon="113.94815695519385">
        <ele>1.0</ele>
        <time>2026-08-13T11:51:06Z</time>
        <extensions>
          <gpxtpx:TrackPointExtension>
            <gpxtpx:hr>191</gpxtpx:hr>
          </gpxtpx:TrackPointExtension>
        </extensions>
      </trkpt>
      <trkpt lat="22.505011558688565" lon="113.94814597024255">
        <ele>1.0</ele>
        <time>2026-08-13T11:51:09Z</time>
        <extensions>
          <gpxtpx:TrackPointExtension>
            <gpxtpx:hr>191</gpxtpx:hr>
          </gpxtpx:TrackPointExtension>
        </extensions>
      </trkpt>
      <trkpt lat="22.505080609756874" lon="113.94812200449296">
        <ele>1.0</ele>
        <time>2026-08-13T11:51:12Z</time>
        <extensions>
          <gpxtpx:TrackPointExtension>
            <gpxtpx:hr>192</gpxtpx:hr>
          </gpxtpx:TrackPointExtension>
        </extensions>
      </trkpt>
      <trkpt lat="22.505150643455632" lon="113.94810602579612">
        <ele>1.0</ele>
        <time>2026-08-13T11:51:15Z</time>
        <extensions>
          <gpxtpx:TrackPointExtension>
            <gpxtpx:hr>192</gpxtpx:hr>
          </gpxtpx:TrackPointExtension>
        </extensions>
      </trkpt>
      <trkpt lat="22.505223668433803" lon="113.94809404047012">
        <ele>1.0</ele>
        <time>2026-08-13T11:51:18Z</time>
        <extensions>
          <gpxtpx:TrackPointExtension>
            <gpxtpx:hr>191</gpxtpx:hr>
          </gpxtpx:TrackPointExtension>
        </extensions>
      </trkpt>
      <trkpt lat="22.505265687338255" lon="113.94808505227893">
        <ele>1.0</ele>
        <time>2026-08-13T11:51:21Z</time>
        <extensions>
          <gpxtpx:TrackPointExtension>
            <gpxtpx:hr>191</gpxtpx:hr>
          </gpxtpx:TrackPointExtension>
        </extensions>
      </trkpt>
      <trkpt lat="22.505336690671193" lon="113.94808305100061">
        <ele>1.0</ele>
        <time>2026-08-13T11:51:24Z</time>
        <extensions>
          <gpxtpx:TrackPointExtension>
            <gpxtpx:hr>192</gpxtpx:hr>
          </gpxtpx:TrackPointExtension>
        </extensions>
      </trkpt>
      <trkpt lat="22.505408685320955" lon="113.94808504323026">
        <ele>1.0</ele>
        <time>2026-08-13T11:51:27Z</time>
        <extensions>
          <gpxtpx:TrackPointExtension>
            <gpxtpx:hr>192</gpxtpx:hr>
          </gpxtpx:TrackPointExtension>
        </extensions>
      </trkpt>
      <trkpt lat="22.505480684294923" lon="113.94808503867426">
        <ele>1.0</ele>
        <time>2026-08-13T11:51:30Z</time>
        <extensions>
          <gpxtpx:TrackPointExtension>
            <gpxtpx:hr>192</gpxtpx:hr>
          </gpxtpx:TrackPointExtension>
        </extensions>
      </trkpt>
      <trkpt lat="22.50552268585878" lon="113.94808403762381">
        <ele>1.0</ele>
        <time>2026-08-13T11:51:33Z</time>
        <extensions>
          <gpxtpx:TrackPointExtension>
            <gpxtpx:hr>192</gpxtpx:hr>
          </gpxtpx:TrackPointExtension>
        </extensions>
      </trkpt>
      <trkpt lat="22.505596682627303" lon="113.94808503133403">
        <ele>1.0</ele>
        <time>2026-08-13T11:51:36Z</time>
        <extensions>
          <gpxtpx:TrackPointExtension>
            <gpxtpx:hr>192</gpxtpx:hr>
          </gpxtpx:TrackPointExtension>
        </extensions>
      </trkpt>
      <trkpt lat="22.5056696750717" lon="113.9480880218929">
        <ele>1.0</ele>
        <time>2026-08-13T11:51:39Z</time>
        <extensions>
          <gpxtpx:TrackPointExtension>
            <gpxtpx:hr>192</gpxtpx:hr>
          </gpxtpx:TrackPointExtension>
        </extensions>
      </trkpt>
      <trkpt lat="22.50573767191343" lon="113.94808901598263">
        <ele>1.0</ele>
        <time>2026-08-13T11:51:42Z</time>
        <extensions>
          <gpxtpx:TrackPointExtension>
            <gpxtpx:hr>192</gpxtpx:hr>
          </gpxtpx:TrackPointExtension>
        </extensions>
      </trkpt>
      <trkpt lat="22.505779664799945" lon="113.94809200850264">
        <ele>1.0</ele>
        <time>2026-08-13T11:51:45Z</time>
        <extensions>
          <gpxtpx:TrackPointExtension>
            <gpxtpx:hr>192</gpxtpx:hr>
          </gpxtpx:TrackPointExtension>
        </extensions>
      </trkpt>
      <trkpt lat="22.5058506442591" lon="113.94810098954102">
        <ele>1.0</ele>
        <time>2026-08-13T11:51:48Z</time>
        <extensions>
          <gpxtpx:TrackPointExtension>
            <gpxtpx:hr>191</gpxtpx:hr>
          </gpxtpx:TrackPointExtension>
        </extensions>
      </trkpt>
      <trkpt lat="22.50592161937574" lon="113.94811196736">
        <ele>1.0</ele>
        <time>2026-08-13T11:51:51Z</time>
        <extensions>
          <gpxtpx:TrackPointExtension>
            <gpxtpx:hr>192</gpxtpx:hr>
          </gpxtpx:TrackPointExtension>
        </extensions>
      </trkpt>
      <trkpt lat="22.505991600997024" lon="113.94811995006349">
        <ele>1.0</ele>
        <time>2026-08-13T11:51:54Z</time>
        <extensions>
          <gpxtpx:TrackPointExtension>
            <gpxtpx:hr>192</gpxtpx:hr>
          </gpxtpx:TrackPointExtension>
        </extensions>
      </trkpt>
      <trkpt lat="22.50603259171419" lon="113.94812394103467">
        <ele>1.0</ele>
        <time>2026-08-13T11:51:57Z</time>
        <extensions>
          <gpxtpx:TrackPointExtension>
            <gpxtpx:hr>192</gpxtpx:hr>
          </gpxtpx:TrackPointExtension>
        </extensions>
      </trkpt>
      <trkpt lat="22.506097577731783" lon="113.94812992726882">
        <ele>1.0</ele>
        <time>2026-08-13T11:52:00Z</time>
        <extensions>
          <gpxtpx:TrackPointExtension>
            <gpxtpx:hr>192</gpxtpx:hr>
          </gpxtpx:TrackPointExtension>
        </extensions>
      </trkpt>
      <trkpt lat="22.506162552905273" lon="113.94814090545563">
        <ele>1.0</ele>
        <time>2026-08-13T11:52:03Z</time>
        <extensions>
          <gpxtpx:TrackPointExtension>
            <gpxtpx:hr>192</gpxtpx:hr>
          </gpxtpx:TrackPointExtension>
        </extensions>
      </trkpt>
      <trkpt lat="22.506228510709285" lon="113.94815987069586">
        <ele>1.0</ele>
        <time>2026-08-13T11:52:06Z</time>
        <extensions>
          <gpxtpx:TrackPointExtension>
            <gpxtpx:hr>191</gpxtpx:hr>
          </gpxtpx:TrackPointExtension>
        </extensions>
      </trkpt>
      <trkpt lat="22.506267481922364" lon="113.94817284729487">
        <ele>1.0</ele>
        <time>2026-08-13T11:52:09Z</time>
        <extensions>
          <gpxtpx:TrackPointExtension>
            <gpxtpx:hr>190</gpxtpx:hr>
          </gpxtpx:TrackPointExtension>
        </extensions>
      </trkpt>
      <trkpt lat="22.506332433203568" lon="113.94819480774223">
        <ele>1.0</ele>
        <time>2026-08-13T11:52:12Z</time>
        <extensions>
          <gpxtpx:TrackPointExtension>
            <gpxtpx:hr>189</gpxtpx:hr>
          </gpxtpx:TrackPointExtension>
        </extensions>
      </trkpt>
      <trkpt lat="22.50639938660153" lon="113.94821576965721">
        <ele>1.0</ele>
        <time>2026-08-13T11:52:15Z</time>
        <extensions>
          <gpxtpx:TrackPointExtension>
            <gpxtpx:hr>188</gpxtpx:hr>
          </gpxtpx:TrackPointExtension>
        </extensions>
      </trkpt>
      <trkpt lat="22.506464342180347" lon="113.9482357332953">
        <ele>1.0</ele>
        <time>2026-08-13T11:52:18Z</time>
        <extensions>
          <gpxtpx:TrackPointExtension>
            <gpxtpx:hr>186</gpxtpx:hr>
          </gpxtpx:TrackPointExtension>
        </extensions>
      </trkpt>
      <trkpt lat="22.50650231553398" lon="113.94824771153436">
        <ele>1.0</ele>
        <time>2026-08-13T11:52:21Z</time>
        <extensions>
          <gpxtpx:TrackPointExtension>
            <gpxtpx:hr>186</gpxtpx:hr>
          </gpxtpx:TrackPointExtension>
        </extensions>
      </trkpt>
      <trkpt lat="22.50656827106606" lon="113.94826767508555">
        <ele>1.0</ele>
        <time>2026-08-13T11:52:24Z</time>
        <extensions>
          <gpxtpx:TrackPointExtension>
            <gpxtpx:hr>187</gpxtpx:hr>
          </gpxtpx:TrackPointExtension>
        </extensions>
      </trkpt>
      <trkpt lat="22.506636224374258" lon="113.94828863688066">
        <ele>1.0</ele>
        <time>2026-08-13T11:52:27Z</time>
        <extensions>
          <gpxtpx:TrackPointExtension>
            <gpxtpx:hr>187</gpxtpx:hr>
          </gpxtpx:TrackPointExtension>
        </extensions>
      </trkpt>
      <trkpt lat="22.50670517764517" lon="113.94830959859625">
        <ele>1.0</ele>
        <time>2026-08-13T11:52:30Z</time>
        <extensions>
          <gpxtpx:TrackPointExtension>
            <gpxtpx:hr>187</gpxtpx:hr>
          </gpxtpx:TrackPointExtension>
        </extensions>
      </trkpt>
      <trkpt lat="22.5067471530658" lon="113.94832057816535">
        <ele>1.0</ele>
        <time>2026-08-13T11:52:33Z</time>
        <extensions>
          <gpxtpx:TrackPointExtension>
            <gpxtpx:hr>188</gpxtpx:hr>
          </gpxtpx:TrackPointExtension>
        </extensions>
      </trkpt>
      <trkpt lat="22.50681409546283" lon="113.94834653189875">
        <ele>1.0</ele>
        <time>2026-08-13T11:52:36Z</time>
        <extensions>
          <gpxtpx:TrackPointExtension>
            <gpxtpx:hr>188</gpxtpx:hr>
          </gpxtpx:TrackPointExtension>
        </extensions>
      </trkpt>
      <trkpt lat="22.5068770226658" lon="113.94837947453459">
        <ele>1.0</ele>
        <time>2026-08-13T11:52:39Z</time>
        <extensions>
          <gpxtpx:TrackPointExtension>
            <gpxtpx:hr>189</gpxtpx:hr>
          </gpxtpx:TrackPointExtension>
        </extensions>
      </trkpt>
      <trkpt lat="22.50694294542344" lon="113.94841441370184">
        <ele>1.0</ele>
        <time>2026-08-13T11:52:42Z</time>
        <extensions>
          <gpxtpx:TrackPointExtension>
            <gpxtpx:hr>189</gpxtpx:hr>
          </gpxtpx:TrackPointExtension>
        </extensions>
      </trkpt>
      <trkpt lat="22.50698189688711" lon="113.94843637559836">
        <ele>1.0</ele>
        <time>2026-08-13T11:52:45Z</time>
        <extensions>
          <gpxtpx:TrackPointExtension>
            <gpxtpx:hr>190</gpxtpx:hr>
          </gpxtpx:TrackPointExtension>
        </extensions>
      </trkpt>
      <trkpt lat="22.50704381745359" lon="113.94847231332392">
        <ele>1.0</ele>
        <time>2026-08-13T11:52:48Z</time>
        <extensions>
          <gpxtpx:TrackPointExtension>
            <gpxtpx:hr>190</gpxtpx:hr>
          </gpxtpx:TrackPointExtension>
        </extensions>
      </trkpt>
      <trkpt lat="22.507103740183563" lon="113.94850725275127">
        <ele>1.0</ele>
        <time>2026-08-13T11:52:51Z</time>
        <extensions>
          <gpxtpx:TrackPointExtension>
            <gpxtpx:hr>190</gpxtpx:hr>
          </gpxtpx:TrackPointExtension>
        </extensions>
      </trkpt>
      <trkpt lat="22.50716466285016" lon="113.94854219207036">
        <ele>1.0</ele>
        <time>2026-08-13T11:52:54Z</time>
        <extensions>
          <gpxtpx:TrackPointExtension>
            <gpxtpx:hr>190</gpxtpx:hr>
          </gpxtpx:TrackPointExtension>
        </extensions>
      </trkpt>
      <trkpt lat="22.50720161205671" lon="113.94856515236516">
        <ele>1.0</ele>
        <time>2026-08-13T11:52:57Z</time>
        <extensions>
          <gpxtpx:TrackPointExtension>
            <gpxtpx:hr>190</gpxtpx:hr>
          </gpxtpx:TrackPointExtension>
        </extensions>
      </trkpt>
      <trkpt lat="22.507262525912093" lon="113.94860408510469">
        <ele>1.0</ele>
        <time>2026-08-13T11:53:00Z</time>
        <extensions>
          <gpxtpx:TrackPointExtension>
            <gpxtpx:hr>191</gpxtpx:hr>
          </gpxtpx:TrackPointExtension>
        </extensions>
      </trkpt>
      <trkpt lat="22.507323446264706" lon="113.94864002267167">
        <ele>1.0</ele>
        <time>2026-08-13T11:53:03Z</time>
        <extensions>
          <gpxtpx:TrackPointExtension>
            <gpxtpx:hr>191</gpxtpx:hr>
          </gpxtpx:TrackPointExtension>
        </extensions>
      </trkpt>
      <trkpt lat="22.507382366601664" lon="113.94867596031774">
        <ele>1.0</ele>
        <time>2026-08-13T11:53:06Z</time>
        <extensions>
          <gpxtpx:TrackPointExtension>
            <gpxtpx:hr>191</gpxtpx:hr>
          </gpxtpx:TrackPointExtension>
        </extensions>
      </trkpt>
      <trkpt lat="22.507415311385927" lon="113.94870091749307">
        <ele>1.0</ele>
        <time>2026-08-13T11:53:09Z</time>
        <extensions>
          <gpxtpx:TrackPointExtension>
            <gpxtpx:hr>193</gpxtpx:hr>
          </gpxtpx:TrackPointExtension>
        </extensions>
      </trkpt>
      <trkpt lat="22.507467209877213" lon="113.94874683918782">
        <ele>1.0</ele>
        <time>2026-08-13T11:53:12Z</time>
        <extensions>
          <gpxtpx:TrackPointExtension>
            <gpxtpx:hr>191</gpxtpx:hr>
          </gpxtpx:TrackPointExtension>
        </extensions>
      </trkpt>
      <trkpt lat="22.507521108258533" lon="113.94879276067864">
        <ele>1.0</ele>
        <time>2026-08-13T11:53:15Z</time>
        <extensions>
          <gpxtpx:TrackPointExtension>
            <gpxtpx:hr>192</gpxtpx:hr>
          </gpxtpx:TrackPointExtension>
        </extensions>
      </trkpt>
      <trkpt lat="22.507582008635488" lon="113.94883768328408">
        <ele>1.0</ele>
        <time>2026-08-13T11:53:18Z</time>
        <extensions>
          <gpxtpx:TrackPointExtension>
            <gpxtpx:hr>193</gpxtpx:hr>
          </gpxtpx:TrackPointExtension>
        </extensions>
      </trkpt>
      <trkpt lat="22.507619944417215" lon="113.94886663345139">
        <ele>1.0</ele>
        <time>2026-08-13T11:53:21Z</time>
        <extensions>
          <gpxtpx:TrackPointExtension>
            <gpxtpx:hr>194</gpxtpx:hr>
          </gpxtpx:TrackPointExtension>
        </extensions>
      </trkpt>
      <trkpt lat="22.507677833753764" lon="113.94891654793672">
        <ele>1.0</ele>
        <time>2026-08-13T11:53:24Z</time>
        <extensions>
          <gpxtpx:TrackPointExtension>
            <gpxtpx:hr>194</gpxtpx:hr>
          </gpxtpx:TrackPointExtension>
        </extensions>
      </trkpt>
      <trkpt lat="22.507729718712653" lon="113.94896845943141">
        <ele>1.0</ele>
        <time>2026-08-13T11:53:27Z</time>
        <extensions>
          <gpxtpx:TrackPointExtension>
            <gpxtpx:hr>194</gpxtpx:hr>
          </gpxtpx:TrackPointExtension>
        </extensions>
      </trkpt>
      <trkpt lat="22.507781603575854" lon="113.94902037082764">
        <ele>1.0</ele>
        <time>2026-08-13T11:53:30Z</time>
        <extensions>
          <gpxtpx:TrackPointExtension>
            <gpxtpx:hr>194</gpxtpx:hr>
          </gpxtpx:TrackPointExtension>
        </extensions>
      </trkpt>
      <trkpt lat="22.507811534908534" lon="113.94905131802265">
        <ele>1.0</ele>
        <time>2026-08-13T11:53:33Z</time>
        <extensions>
          <gpxtpx:TrackPointExtension>
            <gpxtpx:hr>196</gpxtpx:hr>
          </gpxtpx:TrackPointExtension>
        </extensions>
      </trkpt>
      <trkpt lat="22.507862415235575" lon="113.94910522603594">
        <ele>1.0</ele>
        <time>2026-08-13T11:53:36Z</time>
        <extensions>
          <gpxtpx:TrackPointExtension>
            <gpxtpx:hr>196</gpxtpx:hr>
          </gpxtpx:TrackPointExtension>
        </extensions>
      </trkpt>
      <trkpt lat="22.50791428883505" lon="113.94916212893997">
        <ele>1.0</ele>
        <time>2026-08-13T11:53:39Z</time>
        <extensions>
          <gpxtpx:TrackPointExtension>
            <gpxtpx:hr>196</gpxtpx:hr>
          </gpxtpx:TrackPointExtension>
        </extensions>
      </trkpt>
      <trkpt lat="22.507967164507466" lon="113.94921803331157">
        <ele>1.0</ele>
        <time>2026-08-13T11:53:42Z</time>
        <extensions>
          <gpxtpx:TrackPointExtension>
            <gpxtpx:hr>195</gpxtpx:hr>
          </gpxtpx:TrackPointExtension>
        </extensions>
      </trkpt>
      <trkpt lat="22.507999097794396" lon="113.94924798180693">
        <ele>1.0</ele>
        <time>2026-08-13T11:53:45Z</time>
        <extensions>
          <gpxtpx:TrackPointExtension>
            <gpxtpx:hr>194</gpxtpx:hr>
          </gpxtpx:TrackPointExtension>
        </extensions>
      </trkpt>
      <trkpt lat="22.508050988765902" lon="113.94929689762944">
        <ele>1.0</ele>
        <time>2026-08-13T11:53:48Z</time>
        <extensions>
          <gpxtpx:TrackPointExtension>
            <gpxtpx:hr>194</gpxtpx:hr>
          </gpxtpx:TrackPointExtension>
        </extensions>
      </trkpt>
      <trkpt lat="22.50810489066033" lon="113.94934082150489">
        <ele>1.0</ele>
        <time>2026-08-13T11:53:51Z</time>
        <extensions>
          <gpxtpx:TrackPointExtension>
            <gpxtpx:hr>194</gpxtpx:hr>
          </gpxtpx:TrackPointExtension>
        </extensions>
      </trkpt>
      <trkpt lat="22.508161796851827" lon="113.9493827484299">
        <ele>1.0</ele>
        <time>2026-08-13T11:53:54Z</time>
        <extensions>
          <gpxtpx:TrackPointExtension>
            <gpxtpx:hr>194</gpxtpx:hr>
          </gpxtpx:TrackPointExtension>
        </extensions>
      </trkpt>
      <trkpt lat="22.508196738752943" lon="113.9494087031791">
        <ele>1.0</ele>
        <time>2026-08-13T11:53:57Z</time>
        <extensions>
          <gpxtpx:TrackPointExtension>
            <gpxtpx:hr>193</gpxtpx:hr>
          </gpxtpx:TrackPointExtension>
        </extensions>
      </trkpt>
      <trkpt lat="22.508256640362116" lon="113.94945262649644">
        <ele>1.0</ele>
        <time>2026-08-13T11:54:00Z</time>
        <extensions>
          <gpxtpx:TrackPointExtension>
            <gpxtpx:hr>193</gpxtpx:hr>
          </gpxtpx:TrackPointExtension>
        </extensions>
      </trkpt>
      <trkpt lat="22.508316544114944" lon="113.94949555140265">
        <ele>1.0</ele>
        <time>2026-08-13T11:54:03Z</time>
        <extensions>
          <gpxtpx:TrackPointExtension>
            <gpxtpx:hr>193</gpxtpx:hr>
          </gpxtpx:TrackPointExtension>
        </extensions>
      </trkpt>
      <trkpt lat="22.5083784477642" lon="113.94953847611548">
        <ele>1.0</ele>
        <time>2026-08-13T11:54:06Z</time>
        <extensions>
          <gpxtpx:TrackPointExtension>
            <gpxtpx:hr>193</gpxtpx:hr>
          </gpxtpx:TrackPointExtension>
        </extensions>
      </trkpt>
      <trkpt lat="22.508415391697916" lon="113.94956343225282">
        <ele>1.0</ele>
        <time>2026-08-13T11:54:09Z</time>
        <extensions>
          <gpxtpx:TrackPointExtension>
            <gpxtpx:hr>193</gpxtpx:hr>
          </gpxtpx:TrackPointExtension>
        </extensions>
      </trkpt>
      <trkpt lat="22.508477301892984" lon="113.94960336184842">
        <ele>1.0</ele>
        <time>2026-08-13T11:54:12Z</time>
        <extensions>
          <gpxtpx:TrackPointExtension>
            <gpxtpx:hr>193</gpxtpx:hr>
          </gpxtpx:TrackPointExtension>
        </extensions>
      </trkpt>
      <trkpt lat="22.50853922090408" lon="113.94963929804265">
        <ele>1.0</ele>
        <time>2026-08-13T11:54:15Z</time>
        <extensions>
          <gpxtpx:TrackPointExtension>
            <gpxtpx:hr>193</gpxtpx:hr>
          </gpxtpx:TrackPointExtension>
        </extensions>
      </trkpt>
      <trkpt lat="22.508600144324625" lon="113.94967323758402">
        <ele>1.0</ele>
        <time>2026-08-13T11:54:18Z</time>
        <extensions>
          <gpxtpx:TrackPointExtension>
            <gpxtpx:hr>193</gpxtpx:hr>
          </gpxtpx:TrackPointExtension>
        </extensions>
      </trkpt>
      <trkpt lat="22.50863609925521" lon="113.9496932019932">
        <ele>1.0</ele>
        <time>2026-08-13T11:54:21Z</time>
        <extensions>
          <gpxtpx:TrackPointExtension>
            <gpxtpx:hr>193</gpxtpx:hr>
          </gpxtpx:TrackPointExtension>
        </extensions>
      </trkpt>
      <trkpt lat="22.508698027030732" lon="113.9497251447394">
        <ele>1.0</ele>
        <time>2026-08-13T11:54:24Z</time>
        <extensions>
          <gpxtpx:TrackPointExtension>
            <gpxtpx:hr>193</gpxtpx:hr>
          </gpxtpx:TrackPointExtension>
        </extensions>
      </trkpt>
      <trkpt lat="22.508761965842265" lon="113.94975209566294">
        <ele>1.0</ele>
        <time>2026-08-13T11:54:27Z</time>
        <extensions>
          <gpxtpx:TrackPointExtension>
            <gpxtpx:hr>193</gpxtpx:hr>
          </gpxtpx:TrackPointExtension>
        </extensions>
      </trkpt>
      <trkpt lat="22.50882491353598" lon="113.94977505329943">
        <ele>1.0</ele>
        <time>2026-08-13T11:54:30Z</time>
        <extensions>
          <gpxtpx:TrackPointExtension>
            <gpxtpx:hr>192</gpxtpx:hr>
          </gpxtpx:TrackPointExtension>
        </extensions>
      </trkpt>
      <trkpt lat="22.508863888344898" lon="113.94978603247039">
        <ele>1.0</ele>
        <time>2026-08-13T11:54:33Z</time>
        <extensions>
          <gpxtpx:TrackPointExtension>
            <gpxtpx:hr>192</gpxtpx:hr>
          </gpxtpx:TrackPointExtension>
        </extensions>
      </trkpt>
      <trkpt lat="22.508929831498126" lon="113.94981098654847">
        <ele>1.0</ele>
        <time>2026-08-13T11:54:36Z</time>
        <extensions>
          <gpxtpx:TrackPointExtension>
            <gpxtpx:hr>192</gpxtpx:hr>
          </gpxtpx:TrackPointExtension>
        </extensions>
      </trkpt>
      <trkpt lat="22.50899977677387" lon="113.94983494202192">
        <ele>1.0</ele>
        <time>2026-08-13T11:54:39Z</time>
        <extensions>
          <gpxtpx:TrackPointExtension>
            <gpxtpx:hr>192</gpxtpx:hr>
          </gpxtpx:TrackPointExtension>
        </extensions>
      </trkpt>
      <trkpt lat="22.509072741999983" lon="113.94984991233052">
        <ele>1.0</ele>
        <time>2026-08-13T11:54:42Z</time>
        <extensions>
          <gpxtpx:TrackPointExtension>
            <gpxtpx:hr>192</gpxtpx:hr>
          </gpxtpx:TrackPointExtension>
        </extensions>
      </trkpt>
      <trkpt lat="22.509116718898664" lon="113.9498598928272">
        <ele>1.0</ele>
        <time>2026-08-13T11:54:45Z</time>
        <extensions>
          <gpxtpx:TrackPointExtension>
            <gpxtpx:hr>192</gpxtpx:hr>
          </gpxtpx:TrackPointExtension>
        </extensions>
      </trkpt>
      <trkpt lat="22.509185684177805" lon="113.94987486337553">
        <ele>1.0</ele>
        <time>2026-08-13T11:54:48Z</time>
        <extensions>
          <gpxtpx:TrackPointExtension>
            <gpxtpx:hr>192</gpxtpx:hr>
          </gpxtpx:TrackPointExtension>
        </extensions>
      </trkpt>
      <trkpt lat="22.509254651670165" lon="113.94988883558875">
        <ele>1.0</ele>
        <time>2026-08-13T11:54:51Z</time>
        <extensions>
          <gpxtpx:TrackPointExtension>
            <gpxtpx:hr>193</gpxtpx:hr>
          </gpxtpx:TrackPointExtension>
        </extensions>
      </trkpt>
      <trkpt lat="22.50932362137716" lon="113.9499018094684">
        <ele>1.0</ele>
        <time>2026-08-13T11:54:54Z</time>
        <extensions>
          <gpxtpx:TrackPointExtension>
            <gpxtpx:hr>193</gpxtpx:hr>
          </gpxtpx:TrackPointExtension>
        </extensions>
      </trkpt>
      <trkpt lat="22.509365604966124" lon="113.94990879509427">
        <ele>1.0</ele>
        <time>2026-08-13T11:54:57Z</time>
        <extensions>
          <gpxtpx:TrackPointExtension>
            <gpxtpx:hr>193</gpxtpx:hr>
          </gpxtpx:TrackPointExtension>
        </extensions>
      </trkpt>
      <trkpt lat="22.50943558131909" lon="113.94991877392361">
        <ele>1.0</ele>
        <time>2026-08-13T11:55:00Z</time>
        <extensions>
          <gpxtpx:TrackPointExtension>
            <gpxtpx:hr>193</gpxtpx:hr>
          </gpxtpx:TrackPointExtension>
        </extensions>
      </trkpt>
      <trkpt lat="22.509504559910265" lon="113.94992775448708">
        <ele>1.0</ele>
        <time>2026-08-13T11:55:03Z</time>
        <extensions>
          <gpxtpx:TrackPointExtension>
            <gpxtpx:hr>194</gpxtpx:hr>
          </gpxtpx:TrackPointExtension>
        </extensions>
      </trkpt>
      <trkpt lat="22.509568549734357" lon="113.9499317437373">
        <ele>1.0</ele>
        <time>2026-08-13T11:55:06Z</time>
        <extensions>
          <gpxtpx:TrackPointExtension>
            <gpxtpx:hr>193</gpxtpx:hr>
          </gpxtpx:TrackPointExtension>
        </extensions>
      </trkpt>
      <trkpt lat="22.509604553479118" lon="113.9499297448071">
        <ele>1.0</ele>
        <time>2026-08-13T11:55:09Z</time>
        <extensions>
          <gpxtpx:TrackPointExtension>
            <gpxtpx:hr>193</gpxtpx:hr>
          </gpxtpx:TrackPointExtension>
        </extensions>
      </trkpt>
      <trkpt lat="22.509654579226353" lon="113.94991776173258">
        <ele>1.0</ele>
        <time>2026-08-13T11:55:12Z</time>
        <extensions>
          <gpxtpx:TrackPointExtension>
            <gpxtpx:hr>192</gpxtpx:hr>
          </gpxtpx:TrackPointExtension>
        </extensions>
      </trkpt>
      <trkpt lat="22.509698600629633" lon="113.94990777568547">
        <ele>1.0</ele>
        <time>2026-08-13T11:55:15Z</time>
        <extensions>
          <gpxtpx:TrackPointExtension>
            <gpxtpx:hr>191</gpxtpx:hr>
          </gpxtpx:TrackPointExtension>
        </extensions>
      </trkpt>
      <trkpt lat="22.509738631016308" lon="113.94989379658107">
        <ele>1.0</ele>
        <time>2026-08-13T11:55:18Z</time>
        <extensions>
          <gpxtpx:TrackPointExtension>
            <gpxtpx:hr>190</gpxtpx:hr>
          </gpxtpx:TrackPointExtension>
        </extensions>
      </trkpt>
      <trkpt lat="22.50975865734116" lon="113.94988181539041">
        <ele>1.0</ele>
        <time>2026-08-13T11:55:21Z</time>
        <extensions>
          <gpxtpx:TrackPointExtension>
            <gpxtpx:hr>190</gpxtpx:hr>
          </gpxtpx:TrackPointExtension>
        </extensions>
      </trkpt>
      <trkpt lat="22.509770739472177" lon="113.94984487649788">
        <ele>1.0</ele>
        <time>2026-08-13T11:55:24Z</time>
        <extensions>
          <gpxtpx:TrackPointExtension>
            <gpxtpx:hr>190</gpxtpx:hr>
          </gpxtpx:TrackPointExtension>
        </extensions>
      </trkpt>
      <trkpt lat="22.50976481969327" lon="113.94980893702574">
        <ele>1.0</ele>
        <time>2026-08-13T11:55:27Z</time>
        <extensions>
          <gpxtpx:TrackPointExtension>
            <gpxtpx:hr>189</gpxtpx:hr>
          </gpxtpx:TrackPointExtension>
        </extensions>
      </trkpt>
      <trkpt lat="22.50975887763699" lon="113.94978298081689">
        <ele>1.0</ele>
        <time>2026-08-13T11:55:30Z</time>
        <extensions>
          <gpxtpx:TrackPointExtension>
            <gpxtpx:hr>189</gpxtpx:hr>
          </gpxtpx:TrackPointExtension>
        </extensions>
      </trkpt>
      <trkpt lat="22.50976692860955" lon="113.94976001869247">
        <ele>1.0</ele>
        <time>2026-08-13T11:55:42Z</time>
        <extensions>
          <gpxtpx:TrackPointExtension>
            <gpxtpx:hr>187</gpxtpx:hr>
          </gpxtpx:TrackPointExtension>
        </extensions>
      </trkpt>
      <trkpt lat="22.50978088609027" lon="113.94977898610057">
        <ele>1.0</ele>
        <time>2026-08-13T11:55:45Z</time>
        <extensions>
          <gpxtpx:TrackPointExtension>
            <gpxtpx:hr>187</gpxtpx:hr>
          </gpxtpx:TrackPointExtension>
        </extensions>
      </trkpt>
      <trkpt lat="22.50978186828184" lon="113.94978697268368">
        <ele>1.0</ele>
        <time>2026-08-13T11:56:36Z</time>
        <extensions>
          <gpxtpx:TrackPointExtension>
            <gpxtpx:hr>170</gpxtpx:hr>
          </gpxtpx:TrackPointExtension>
        </extensions>
      </trkpt>
      <trkpt lat="22.509800850110203" lon="113.9497949581249">
        <ele>1.0</ele>
        <time>2026-08-13T11:56:54Z</time>
        <extensions>
          <gpxtpx:TrackPointExtension>
            <gpxtpx:hr>170</gpxtpx:hr>
          </gpxtpx:TrackPointExtension>
        </extensions>
      </trkpt>
      <trkpt lat="22.50981583201631" lon="113.94980294381708">
        <ele>1.0</ele>
        <time>2026-08-13T11:56:57Z</time>
        <extensions>
          <gpxtpx:TrackPointExtension>
            <gpxtpx:hr>171</gpxtpx:hr>
          </gpxtpx:TrackPointExtension>
        </extensions>
      </trkpt>
      <trkpt lat="22.50982180742729" lon="113.94981392506595">
        <ele>1.0</ele>
        <time>2026-08-13T11:57:00Z</time>
        <extensions>
          <gpxtpx:TrackPointExtension>
            <gpxtpx:hr>171</gpxtpx:hr>
          </gpxtpx:TrackPointExtension>
        </extensions>
      </trkpt>
      <trkpt lat="22.50982776058289" lon="113.94983488960162">
        <ele>1.0</ele>
        <time>2026-08-13T11:57:03Z</time>
        <extensions>
          <gpxtpx:TrackPointExtension>
            <gpxtpx:hr>171</gpxtpx:hr>
          </gpxtpx:TrackPointExtension>
        </extensions>
      </trkpt>
      <trkpt lat="22.509827709392237" lon="113.94985785115765">
        <ele>1.0</ele>
        <time>2026-08-13T11:57:06Z</time>
        <extensions>
          <gpxtpx:TrackPointExtension>
            <gpxtpx:hr>172</gpxtpx:hr>
          </gpxtpx:TrackPointExtension>
        </extensions>
      </trkpt>
      <trkpt lat="22.509837671343124" lon="113.94987482209723">
        <ele>1.0</ele>
        <time>2026-08-13T11:57:09Z</time>
        <extensions>
          <gpxtpx:TrackPointExtension>
            <gpxtpx:hr>174</gpxtpx:hr>
          </gpxtpx:TrackPointExtension>
        </extensions>
      </trkpt>
      <trkpt lat="22.509855664300687" lon="113.94987781593996">
        <ele>1.0</ele>
        <time>2026-08-13T11:57:12Z</time>
        <extensions>
          <gpxtpx:TrackPointExtension>
            <gpxtpx:hr>174</gpxtpx:hr>
          </gpxtpx:TrackPointExtension>
        </extensions>
      </trkpt>
      <trkpt lat="22.50989366576097" lon="113.94987681520672">
        <ele>1.0</ele>
        <time>2026-08-13T11:57:15Z</time>
        <extensions>
          <gpxtpx:TrackPointExtension>
            <gpxtpx:hr>174</gpxtpx:hr>
          </gpxtpx:TrackPointExtension>
        </extensions>
      </trkpt>
      <trkpt lat="22.50993167835223" lon="113.94987082283568">
        <ele>1.0</ele>
        <time>2026-08-13T11:57:18Z</time>
        <extensions>
          <gpxtpx:TrackPointExtension>
            <gpxtpx:hr>173</gpxtpx:hr>
          </gpxtpx:TrackPointExtension>
        </extensions>
      </trkpt>
      <trkpt lat="22.509968677602235" lon="113.94987082049316">
        <ele>1.0</ele>
        <time>2026-08-13T11:57:21Z</time>
        <extensions>
          <gpxtpx:TrackPointExtension>
            <gpxtpx:hr>172</gpxtpx:hr>
          </gpxtpx:TrackPointExtension>
        </extensions>
      </trkpt>
      <trkpt lat="22.5099916771351" lon="113.949870819037">
        <ele>1.0</ele>
        <time>2026-08-13T11:57:24Z</time>
        <extensions>
          <gpxtpx:TrackPointExtension>
            <gpxtpx:hr>169</gpxtpx:hr>
          </gpxtpx:TrackPointExtension>
        </extensions>
      </trkpt>
      <trkpt lat="22.510027691987222" lon="113.94986382846344">
        <ele>1.0</ele>
        <time>2026-08-13T11:57:27Z</time>
        <extensions>
          <gpxtpx:TrackPointExtension>
            <gpxtpx:hr>164</gpxtpx:hr>
          </gpxtpx:TrackPointExtension>
        </extensions>
      </trkpt>
      <trkpt lat="22.51005771808822" lon="113.9498518466268">
        <ele>1.0</ele>
        <time>2026-08-13T11:57:30Z</time>
        <extensions>
          <gpxtpx:TrackPointExtension>
            <gpxtpx:hr>163</gpxtpx:hr>
          </gpxtpx:TrackPointExtension>
        </extensions>
      </trkpt>
      <trkpt lat="22.510084742019057" lon="113.94984086330369">
        <ele>1.0</ele>
        <time>2026-08-13T11:57:33Z</time>
        <extensions>
          <gpxtpx:TrackPointExtension>
            <gpxtpx:hr>164</gpxtpx:hr>
          </gpxtpx:TrackPointExtension>
        </extensions>
      </trkpt>
      <trkpt lat="22.510099746163093" lon="113.94983886569652">
        <ele>1.0</ele>
        <time>2026-08-13T11:57:36Z</time>
        <extensions>
          <gpxtpx:TrackPointExtension>
            <gpxtpx:hr>167</gpxtpx:hr>
          </gpxtpx:TrackPointExtension>
        </extensions>
      </trkpt>
      <trkpt lat="22.510129761125587" lon="113.9498318754948">
        <ele>1.0</ele>
        <time>2026-08-13T11:57:39Z</time>
        <extensions>
          <gpxtpx:TrackPointExtension>
            <gpxtpx:hr>170</gpxtpx:hr>
          </gpxtpx:TrackPointExtension>
        </extensions>
      </trkpt>
      <trkpt lat="22.510161784943705" lon="113.94982089184724">
        <ele>1.0</ele>
        <time>2026-08-13T11:57:42Z</time>
        <extensions>
          <gpxtpx:TrackPointExtension>
            <gpxtpx:hr>172</gpxtpx:hr>
          </gpxtpx:TrackPointExtension>
        </extensions>
      </trkpt>
      <trkpt lat="22.510196810919044" lon="113.94980890967558">
        <ele>1.0</ele>
        <time>2026-08-13T11:57:45Z</time>
        <extensions>
          <gpxtpx:TrackPointExtension>
            <gpxtpx:hr>173</gpxtpx:hr>
          </gpxtpx:TrackPointExtension>
        </extensions>
      </trkpt>
      <trkpt lat="22.5102178238321" lon="113.94980291836623">
        <ele>1.0</ele>
        <time>2026-08-13T11:57:48Z</time>
        <extensions>
          <gpxtpx:TrackPointExtension>
            <gpxtpx:hr>172</gpxtpx:hr>
          </gpxtpx:TrackPointExtension>
        </extensions>
      </trkpt>
      <trkpt lat="22.51025284312597" lon="113.94979393117818">
        <ele>1.0</ele>
        <time>2026-08-13T11:57:51Z</time>
        <extensions>
          <gpxtpx:TrackPointExtension>
            <gpxtpx:hr>171</gpxtpx:hr>
          </gpxtpx:TrackPointExtension>
        </extensions>
      </trkpt>
      <trkpt lat="22.510289853479303" lon="113.94978893718323">
        <ele>1.0</ele>
        <time>2026-08-13T11:57:54Z</time>
        <extensions>
          <gpxtpx:TrackPointExtension>
            <gpxtpx:hr>169</gpxtpx:hr>
          </gpxtpx:TrackPointExtension>
        </extensions>
      </trkpt>
      <trkpt lat="22.510324859424284" lon="113.94978593997544">
        <ele>1.0</ele>
        <time>2026-08-13T11:57:57Z</time>
        <extensions>
          <gpxtpx:TrackPointExtension>
            <gpxtpx:hr>167</gpxtpx:hr>
          </gpxtpx:TrackPointExtension>
        </extensions>
      </trkpt>
      <trkpt lat="22.510344870126453" lon="113.94978094705534">
        <ele>1.0</ele>
        <time>2026-08-13T11:58:00Z</time>
        <extensions>
          <gpxtpx:TrackPointExtension>
            <gpxtpx:hr>166</gpxtpx:hr>
          </gpxtpx:TrackPointExtension>
        </extensions>
      </trkpt>
      <trkpt lat="22.510380900502373" lon="113.9497669681405">
        <ele>1.0</ele>
        <time>2026-08-13T11:58:03Z</time>
        <extensions>
          <gpxtpx:TrackPointExtension>
            <gpxtpx:hr>165</gpxtpx:hr>
          </gpxtpx:TrackPointExtension>
        </extensions>
      </trkpt>
      <trkpt lat="22.51041593089086" lon="113.94975298928195">
        <ele>1.0</ele>
        <time>2026-08-13T11:58:06Z</time>
        <extensions>
          <gpxtpx:TrackPointExtension>
            <gpxtpx:hr>164</gpxtpx:hr>
          </gpxtpx:TrackPointExtension>
        </extensions>
      </trkpt>
      <trkpt lat="22.51045494340974" lon="113.94974699682096">
        <ele>1.0</ele>
        <time>2026-08-13T11:58:09Z</time>
        <extensions>
          <gpxtpx:TrackPointExtension>
            <gpxtpx:hr>164</gpxtpx:hr>
          </gpxtpx:TrackPointExtension>
        </extensions>
      </trkpt>
      <trkpt lat="22.510476947393283" lon="113.94974499876388">
        <ele>1.0</ele>
        <time>2026-08-13T11:58:12Z</time>
        <extensions>
          <gpxtpx:TrackPointExtension>
            <gpxtpx:hr>161</gpxtpx:hr>
          </gpxtpx:TrackPointExtension>
        </extensions>
      </trkpt>
      <trkpt lat="22.510509960033495" lon="113.94973900668103">
        <ele>1.0</ele>
        <time>2026-08-13T11:58:15Z</time>
        <extensions>
          <gpxtpx:TrackPointExtension>
            <gpxtpx:hr>160</gpxtpx:hr>
          </gpxtpx:TrackPointExtension>
        </extensions>
      </trkpt>
      <trkpt lat="22.510539974956075" lon="113.9497320164542">
        <ele>1.0</ele>
        <time>2026-08-13T11:58:18Z</time>
        <extensions>
          <gpxtpx:TrackPointExtension>
            <gpxtpx:hr>160</gpxtpx:hr>
          </gpxtpx:TrackPointExtension>
        </extensions>
      </trkpt>
      <trkpt lat="22.510569985432536" lon="113.94972702289132">
        <ele>1.0</ele>
        <time>2026-08-13T11:58:21Z</time>
        <extensions>
          <gpxtpx:TrackPointExtension>
            <gpxtpx:hr>161</gpxtpx:hr>
          </gpxtpx:TrackPointExtension>
        </extensions>
      </trkpt>
      <trkpt lat="22.510585998424215" lon="113.94972103188088">
        <ele>1.0</ele>
        <time>2026-08-13T11:58:24Z</time>
        <extensions>
          <gpxtpx:TrackPointExtension>
            <gpxtpx:hr>164</gpxtpx:hr>
          </gpxtpx:TrackPointExtension>
        </extensions>
      </trkpt>
      <trkpt lat="22.510613031171733" lon="113.94970605517219">
        <ele>1.0</ele>
        <time>2026-08-13T11:58:27Z</time>
        <extensions>
          <gpxtpx:TrackPointExtension>
            <gpxtpx:hr>166</gpxtpx:hr>
          </gpxtpx:TrackPointExtension>
        </extensions>
      </trkpt>
      <trkpt lat="22.510644063825946" lon="113.94969107820215">
        <ele>1.0</ele>
        <time>2026-08-13T11:58:30Z</time>
        <extensions>
          <gpxtpx:TrackPointExtension>
            <gpxtpx:hr>169</gpxtpx:hr>
          </gpxtpx:TrackPointExtension>
        </extensions>
      </trkpt>
      <trkpt lat="22.510677094208862" lon="113.94967709943204">
        <ele>1.0</ele>
        <time>2026-08-13T11:58:33Z</time>
        <extensions>
          <gpxtpx:TrackPointExtension>
            <gpxtpx:hr>169</gpxtpx:hr>
          </gpxtpx:TrackPointExtension>
        </extensions>
      </trkpt>
      <trkpt lat="22.51069711376231" lon="113.94966811315298">
        <ele>1.0</ele>
        <time>2026-08-13T11:58:36Z</time>
        <extensions>
          <gpxtpx:TrackPointExtension>
            <gpxtpx:hr>168</gpxtpx:hr>
          </gpxtpx:TrackPointExtension>
        </extensions>
      </trkpt>
      <trkpt lat="22.510731155206372" lon="113.9496491426304">
        <ele>1.0</ele>
        <time>2026-08-13T11:58:39Z</time>
        <extensions>
          <gpxtpx:TrackPointExtension>
            <gpxtpx:hr>166</gpxtpx:hr>
          </gpxtpx:TrackPointExtension>
        </extensions>
      </trkpt>
      <trkpt lat="22.510769200988037" lon="113.94962817516898">
        <ele>1.0</ele>
        <time>2026-08-13T11:58:42Z</time>
        <extensions>
          <gpxtpx:TrackPointExtension>
            <gpxtpx:hr>165</gpxtpx:hr>
          </gpxtpx:TrackPointExtension>
        </extensions>
      </trkpt>
      <trkpt lat="22.510806255644574" lon="113.94960321440625">
        <ele>1.0</ele>
        <time>2026-08-13T11:58:45Z</time>
        <extensions>
          <gpxtpx:TrackPointExtension>
            <gpxtpx:hr>164</gpxtpx:hr>
          </gpxtpx:TrackPointExtension>
        </extensions>
      </trkpt>
      <trkpt lat="22.510829288410356" lon="113.94958823788717">
        <ele>1.0</ele>
        <time>2026-08-13T11:58:48Z</time>
        <extensions>
          <gpxtpx:TrackPointExtension>
            <gpxtpx:hr>161</gpxtpx:hr>
          </gpxtpx:TrackPointExtension>
        </extensions>
      </trkpt>
      <trkpt lat="22.510866334165385" lon="113.94956727044297">
        <ele>1.0</ele>
        <time>2026-08-13T11:58:51Z</time>
        <extensions>
          <gpxtpx:TrackPointExtension>
            <gpxtpx:hr>160</gpxtpx:hr>
          </gpxtpx:TrackPointExtension>
        </extensions>
      </trkpt>
      <trkpt lat="22.51090337990372" lon="113.9495463029829">
        <ele>1.0</ele>
        <time>2026-08-13T11:58:54Z</time>
        <extensions>
          <gpxtpx:TrackPointExtension>
            <gpxtpx:hr>159</gpxtpx:hr>
          </gpxtpx:TrackPointExtension>
        </extensions>
      </trkpt>
      <trkpt lat="22.510940427840197" lon="113.94952433716685">
        <ele>1.0</ele>
        <time>2026-08-13T11:58:57Z</time>
        <extensions>
          <gpxtpx:TrackPointExtension>
            <gpxtpx:hr>155</gpxtpx:hr>
          </gpxtpx:TrackPointExtension>
        </extensions>
      </trkpt>
      <trkpt lat="22.510962451725973" lon="113.9495133540307">
        <ele>1.0</ele>
        <time>2026-08-13T11:59:00Z</time>
        <extensions>
          <gpxtpx:TrackPointExtension>
            <gpxtpx:hr>153</gpxtpx:hr>
          </gpxtpx:TrackPointExtension>
        </extensions>
      </trkpt>
      <trkpt lat="22.51099848637381" lon="113.94949737829894">
        <ele>1.0</ele>
        <time>2026-08-13T11:59:03Z</time>
        <extensions>
          <gpxtpx:TrackPointExtension>
            <gpxtpx:hr>153</gpxtpx:hr>
          </gpxtpx:TrackPointExtension>
        </extensions>
      </trkpt>
      <trkpt lat="22.511033525459688" lon="113.94947940593788">
        <ele>1.0</ele>
        <time>2026-08-13T11:59:06Z</time>
        <extensions>
          <gpxtpx:TrackPointExtension>
            <gpxtpx:hr>155</gpxtpx:hr>
          </gpxtpx:TrackPointExtension>
        </extensions>
      </trkpt>
      <trkpt lat="22.511062580151606" lon="113.94945444554747">
        <ele>1.0</ele>
        <time>2026-08-13T11:59:09Z</time>
        <extensions>
          <gpxtpx:TrackPointExtension>
            <gpxtpx:hr>156</gpxtpx:hr>
          </gpxtpx:TrackPointExtension>
        </extensions>
      </trkpt>
      <trkpt lat="22.51108161292124" lon="113.94943946920111">
        <ele>1.0</ele>
        <time>2026-08-13T11:59:12Z</time>
        <extensions>
          <gpxtpx:TrackPointExtension>
            <gpxtpx:hr>156</gpxtpx:hr>
          </gpxtpx:TrackPointExtension>
        </extensions>
      </trkpt>
      <trkpt lat="22.511113665300936" lon="113.94941550692876">
        <ele>1.0</ele>
        <time>2026-08-13T11:59:15Z</time>
        <extensions>
          <gpxtpx:TrackPointExtension>
            <gpxtpx:hr>155</gpxtpx:hr>
          </gpxtpx:TrackPointExtension>
        </extensions>
      </trkpt>
      <trkpt lat="22.511143722124118" lon="113.94938954807235">
        <ele>1.0</ele>
        <time>2026-08-13T11:59:18Z</time>
        <extensions>
          <gpxtpx:TrackPointExtension>
            <gpxtpx:hr>155</gpxtpx:hr>
          </gpxtpx:TrackPointExtension>
        </extensions>
      </trkpt>
      <trkpt lat="22.51117478111071" lon="113.94936259078229">
        <ele>1.0</ele>
        <time>2026-08-13T11:59:21Z</time>
        <extensions>
          <gpxtpx:TrackPointExtension>
            <gpxtpx:hr>156</gpxtpx:hr>
          </gpxtpx:TrackPointExtension>
        </extensions>
      </trkpt>
      <trkpt lat="22.51119381162199" lon="113.94934861273258">
        <ele>1.0</ele>
        <time>2026-08-13T11:59:24Z</time>
        <extensions>
          <gpxtpx:TrackPointExtension>
            <gpxtpx:hr>158</gpxtpx:hr>
          </gpxtpx:TrackPointExtension>
        </extensions>
      </trkpt>
      <trkpt lat="22.511222859572737" lon="113.94932664726585">
        <ele>1.0</ele>
        <time>2026-08-13T11:59:27Z</time>
        <extensions>
          <gpxtpx:TrackPointExtension>
            <gpxtpx:hr>157</gpxtpx:hr>
          </gpxtpx:TrackPointExtension>
        </extensions>
      </trkpt>
      <trkpt lat="22.511252914105995" lon="113.94930168667402">
        <ele>1.0</ele>
        <time>2026-08-13T11:59:30Z</time>
        <extensions>
          <gpxtpx:TrackPointExtension>
            <gpxtpx:hr>156</gpxtpx:hr>
          </gpxtpx:TrackPointExtension>
        </extensions>
      </trkpt>
      <trkpt lat="22.511283968594842" lon="113.94927672599627">
        <ele>1.0</ele>
        <time>2026-08-13T11:59:33Z</time>
        <extensions>
          <gpxtpx:TrackPointExtension>
            <gpxtpx:hr>155</gpxtpx:hr>
          </gpxtpx:TrackPointExtension>
        </extensions>
      </trkpt>
      <trkpt lat="22.511302001290613" lon="113.94926174961675">
        <ele>1.0</ele>
        <time>2026-08-13T11:59:36Z</time>
        <extensions>
          <gpxtpx:TrackPointExtension>
            <gpxtpx:hr>155</gpxtpx:hr>
          </gpxtpx:TrackPointExtension>
        </extensions>
      </trkpt>
      <trkpt lat="22.51133206458574" lon="113.94923279556382">
        <ele>1.0</ele>
        <time>2026-08-13T11:59:39Z</time>
        <extensions>
          <gpxtpx:TrackPointExtension>
            <gpxtpx:hr>156</gpxtpx:hr>
          </gpxtpx:TrackPointExtension>
        </extensions>
      </trkpt>
      <trkpt lat="22.511361134485057" lon="113.94920084648845">
        <ele>1.0</ele>
        <time>2026-08-13T11:59:42Z</time>
        <extensions>
          <gpxtpx:TrackPointExtension>
            <gpxtpx:hr>158</gpxtpx:hr>
          </gpxtpx:TrackPointExtension>
        </extensions>
      </trkpt>
      <trkpt lat="22.511388208798387" lon="113.94916690079658">
        <ele>1.0</ele>
        <time>2026-08-13T11:59:45Z</time>
        <extensions>
          <gpxtpx:TrackPointExtension>
            <gpxtpx:hr>159</gpxtpx:hr>
          </gpxtpx:TrackPointExtension>
        </extensions>
      </trkpt>
      <trkpt lat="22.511403248108785" lon="113.94914892948628">
        <ele>1.0</ele>
        <time>2026-08-13T11:59:48Z</time>
        <extensions>
          <gpxtpx:TrackPointExtension>
            <gpxtpx:hr>158</gpxtpx:hr>
          </gpxtpx:TrackPointExtension>
        </extensions>
      </trkpt>
      <trkpt lat="22.511428313601005" lon="113.94911897727636">
        <ele>1.0</ele>
        <time>2026-08-13T11:59:51Z</time>
        <extensions>
          <gpxtpx:TrackPointExtension>
            <gpxtpx:hr>157</gpxtpx:hr>
          </gpxtpx:TrackPointExtension>
        </extensions>
      </trkpt>
      <trkpt lat="22.51145538121732" lon="113.9490880265513">
        <ele>1.0</ele>
        <time>2026-08-13T11:59:54Z</time>
        <extensions>
          <gpxtpx:TrackPointExtension>
            <gpxtpx:hr>157</gpxtpx:hr>
          </gpxtpx:TrackPointExtension>
        </extensions>
      </trkpt>
      <trkpt lat="22.511487444290417" lon="113.9490590721888">
        <ele>1.0</ele>
        <time>2026-08-13T11:59:57Z</time>
        <extensions>
          <gpxtpx:TrackPointExtension>
            <gpxtpx:hr>157</gpxtpx:hr>
          </gpxtpx:TrackPointExtension>
        </extensions>
      </trkpt>
      <trkpt lat="22.511506483443426" lon="113.94904110055475">
        <ele>1.0</ele>
        <time>2026-08-13T12:00:00Z</time>
        <extensions>
          <gpxtpx:TrackPointExtension>
            <gpxtpx:hr>157</gpxtpx:hr>
          </gpxtpx:TrackPointExtension>
        </extensions>
      </trkpt>
      <trkpt lat="22.511534555347037" lon="113.94900815296101">
        <ele>1.0</ele>
        <time>2026-08-13T12:00:03Z</time>
        <extensions>
          <gpxtpx:TrackPointExtension>
            <gpxtpx:hr>157</gpxtpx:hr>
          </gpxtpx:TrackPointExtension>
        </extensions>
      </trkpt>
      <trkpt lat="22.51156262940872" lon="113.94897420696766">
        <ele>1.0</ele>
        <time>2026-08-13T12:00:06Z</time>
        <extensions>
          <gpxtpx:TrackPointExtension>
            <gpxtpx:hr>156</gpxtpx:hr>
          </gpxtpx:TrackPointExtension>
        </extensions>
      </trkpt>
      <trkpt lat="22.511592705580064" lon="113.94893926244437">
        <ele>1.0</ele>
        <time>2026-08-13T12:00:09Z</time>
        <extensions>
          <gpxtpx:TrackPointExtension>
            <gpxtpx:hr>157</gpxtpx:hr>
          </gpxtpx:TrackPointExtension>
        </extensions>
      </trkpt>
      <trkpt lat="22.511610746873703" lon="113.9489202924331">
        <ele>1.0</ele>
        <time>2026-08-13T12:00:12Z</time>
        <extensions>
          <gpxtpx:TrackPointExtension>
            <gpxtpx:hr>157</gpxtpx:hr>
          </gpxtpx:TrackPointExtension>
        </extensions>
      </trkpt>
      <trkpt lat="22.511638816444258" lon="113.94888834305735">
        <ele>1.0</ele>
        <time>2026-08-13T12:00:15Z</time>
        <extensions>
          <gpxtpx:TrackPointExtension>
            <gpxtpx:hr>157</gpxtpx:hr>
          </gpxtpx:TrackPointExtension>
        </extensions>
      </trkpt>
      <trkpt lat="22.51166488602397" lon="113.94885639377091">
        <ele>1.0</ele>
        <time>2026-08-13T12:00:18Z</time>
        <extensions>
          <gpxtpx:TrackPointExtension>
            <gpxtpx:hr>157</gpxtpx:hr>
          </gpxtpx:TrackPointExtension>
        </extensions>
      </trkpt>
      <trkpt lat="22.51169195773628" lon="113.94882344601832">
        <ele>-1.0</ele>
        <time>2026-08-13T12:00:21Z</time>
        <extensions>
          <gpxtpx:TrackPointExtension>
            <gpxtpx:hr>156</gpxtpx:hr>
          </gpxtpx:TrackPointExtension>
        </extensions>
      </trkpt>
      <trkpt lat="22.511708001187944" lon="113.94880347768714">
        <ele>-1.0</ele>
        <time>2026-08-13T12:00:24Z</time>
        <extensions>
          <gpxtpx:TrackPointExtension>
            <gpxtpx:hr>159</gpxtpx:hr>
          </gpxtpx:TrackPointExtension>
        </extensions>
      </trkpt>
      <trkpt lat="22.51173008170873" lon="113.94876653671705">
        <ele>-1.0</ele>
        <time>2026-08-13T12:00:27Z</time>
        <extensions>
          <gpxtpx:TrackPointExtension>
            <gpxtpx:hr>159</gpxtpx:hr>
          </gpxtpx:TrackPointExtension>
        </extensions>
      </trkpt>
      <trkpt lat="22.51175515992628" lon="113.94873059387608">
        <ele>-1.0</ele>
        <time>2026-08-13T12:00:30Z</time>
        <extensions>
          <gpxtpx:TrackPointExtension>
            <gpxtpx:hr>158</gpxtpx:hr>
          </gpxtpx:TrackPointExtension>
        </extensions>
      </trkpt>
      <trkpt lat="22.511782238053282" lon="113.9486946508612">
        <ele>-1.0</ele>
        <time>2026-08-13T12:00:33Z</time>
        <extensions>
          <gpxtpx:TrackPointExtension>
            <gpxtpx:hr>156</gpxtpx:hr>
          </gpxtpx:TrackPointExtension>
        </extensions>
      </trkpt>
      <trkpt lat="22.51179628146033" lon="113.94867468256244">
        <ele>-1.0</ele>
        <time>2026-08-13T12:00:36Z</time>
        <extensions>
          <gpxtpx:TrackPointExtension>
            <gpxtpx:hr>154</gpxtpx:hr>
          </gpxtpx:TrackPointExtension>
        </extensions>
      </trkpt>
      <trkpt lat="22.51182034866135" lon="113.94864373152487">
        <ele>-1.0</ele>
        <time>2026-08-13T12:00:39Z</time>
        <extensions>
          <gpxtpx:TrackPointExtension>
            <gpxtpx:hr>155</gpxtpx:hr>
          </gpxtpx:TrackPointExtension>
        </extensions>
      </trkpt>
      <trkpt lat="22.511849415714728" lon="113.9486127801357">
        <ele>-1.0</ele>
        <time>2026-08-13T12:00:42Z</time>
        <extensions>
          <gpxtpx:TrackPointExtension>
            <gpxtpx:hr>156</gpxtpx:hr>
          </gpxtpx:TrackPointExtension>
        </extensions>
      </trkpt>
      <trkpt lat="22.511881480482817" lon="113.94858282689584">
        <ele>-1.0</ele>
        <time>2026-08-13T12:00:45Z</time>
        <extensions>
          <gpxtpx:TrackPointExtension>
            <gpxtpx:hr>157</gpxtpx:hr>
          </gpxtpx:TrackPointExtension>
        </extensions>
      </trkpt>
      <trkpt lat="22.511901512763327" lon="113.94856785001038">
        <ele>-1.0</ele>
        <time>2026-08-13T12:00:48Z</time>
        <extensions>
          <gpxtpx:TrackPointExtension>
            <gpxtpx:hr>157</gpxtpx:hr>
          </gpxtpx:TrackPointExtension>
        </extensions>
      </trkpt>
      <trkpt lat="22.511938562098983" lon="113.94854488503577">
        <ele>-1.0</ele>
        <time>2026-08-13T12:00:51Z</time>
        <extensions>
          <gpxtpx:TrackPointExtension>
            <gpxtpx:hr>158</gpxtpx:hr>
          </gpxtpx:TrackPointExtension>
        </extensions>
      </trkpt>
      <trkpt lat="22.51196961591373" lon="113.94851992366833">
        <ele>-1.0</ele>
        <time>2026-08-13T12:00:54Z</time>
        <extensions>
          <gpxtpx:TrackPointExtension>
            <gpxtpx:hr>159</gpxtpx:hr>
          </gpxtpx:TrackPointExtension>
        </extensions>
      </trkpt>
      <trkpt lat="22.511994678562445" lon="113.94849096914719">
        <ele>-1.0</ele>
        <time>2026-08-13T12:00:57Z</time>
        <extensions>
          <gpxtpx:TrackPointExtension>
            <gpxtpx:hr>160</gpxtpx:hr>
          </gpxtpx:TrackPointExtension>
        </extensions>
      </trkpt>
      <trkpt lat="22.512006719692835" lon="113.94847199920419">
        <ele>-1.0</ele>
        <time>2026-08-13T12:01:00Z</time>
        <extensions>
          <gpxtpx:TrackPointExtension>
            <gpxtpx:hr>160</gpxtpx:hr>
          </gpxtpx:TrackPointExtension>
        </extensions>
      </trkpt>
      <trkpt lat="22.512016793527398" lon="113.9484380536836">
        <ele>-1.0</ele>
        <time>2026-08-13T12:01:03Z</time>
        <extensions>
          <gpxtpx:TrackPointExtension>
            <gpxtpx:hr>160</gpxtpx:hr>
          </gpxtpx:TrackPointExtension>
        </extensions>
      </trkpt>
      <trkpt lat="22.512006874312267" lon="113.94840111424362">
        <ele>-1.0</ele>
        <time>2026-08-13T12:01:06Z</time>
        <extensions>
          <gpxtpx:TrackPointExtension>
            <gpxtpx:hr>160</gpxtpx:hr>
          </gpxtpx:TrackPointExtension>
        </extensions>
      </trkpt>
      <trkpt lat="22.511992955141928" lon="113.94836417500656">
        <ele>-1.0</ele>
        <time>2026-08-13T12:01:09Z</time>
        <extensions>
          <gpxtpx:TrackPointExtension>
            <gpxtpx:hr>160</gpxtpx:hr>
          </gpxtpx:TrackPointExtension>
        </extensions>
      </trkpt>
      <trkpt lat="22.51198801180167" lon="113.94833821736853">
        <ele>-1.0</ele>
        <time>2026-08-13T12:01:12Z</time>
        <extensions>
          <gpxtpx:TrackPointExtension>
            <gpxtpx:hr>159</gpxtpx:hr>
          </gpxtpx:TrackPointExtension>
        </extensions>
      </trkpt>
      <trkpt lat="22.511990118257714" lon="113.94828929641395">
        <ele>-1.0</ele>
        <time>2026-08-13T12:01:15Z</time>
        <extensions>
          <gpxtpx:TrackPointExtension>
            <gpxtpx:hr>159</gpxtpx:hr>
          </gpxtpx:TrackPointExtension>
        </extensions>
      </trkpt>
      <trkpt lat="22.511997220174127" lon="113.94824237182841">
        <ele>-1.0</ele>
        <time>2026-08-13T12:01:18Z</time>
        <extensions>
          <gpxtpx:TrackPointExtension>
            <gpxtpx:hr>158</gpxtpx:hr>
          </gpxtpx:TrackPointExtension>
        </extensions>
      </trkpt>
      <trkpt lat="22.512012315321865" lon="113.94819844182086">
        <ele>-1.0</ele>
        <time>2026-08-13T12:01:21Z</time>
        <extensions>
          <gpxtpx:TrackPointExtension>
            <gpxtpx:hr>158</gpxtpx:hr>
          </gpxtpx:TrackPointExtension>
        </extensions>
      </trkpt>
      <trkpt lat="22.512022367150514" lon="113.94817447985345">
        <ele>-1.0</ele>
        <time>2026-08-13T12:01:24Z</time>
        <extensions>
          <gpxtpx:TrackPointExtension>
            <gpxtpx:hr>158</gpxtpx:hr>
          </gpxtpx:TrackPointExtension>
        </extensions>
      </trkpt>
      <trkpt lat="22.512041442596313" lon="113.94813953500002">
        <ele>-1.0</ele>
        <time>2026-08-13T12:01:27Z</time>
        <extensions>
          <gpxtpx:TrackPointExtension>
            <gpxtpx:hr>157</gpxtpx:hr>
          </gpxtpx:TrackPointExtension>
        </extensions>
      </trkpt>
      <trkpt lat="22.51206051799937" lon="113.94810459010147">
        <ele>-1.0</ele>
        <time>2026-08-13T12:01:30Z</time>
        <extensions>
          <gpxtpx:TrackPointExtension>
            <gpxtpx:hr>155</gpxtpx:hr>
          </gpxtpx:TrackPointExtension>
        </extensions>
      </trkpt>
      <trkpt lat="22.512072593521342" lon="113.94806964560077">
        <ele>-1.0</ele>
        <time>2026-08-13T12:01:33Z</time>
        <extensions>
          <gpxtpx:TrackPointExtension>
            <gpxtpx:hr>155</gpxtpx:hr>
          </gpxtpx:TrackPointExtension>
        </extensions>
      </trkpt>
      <trkpt lat="22.512074638934255" lon="113.9480486792078">
        <ele>-1.0</ele>
        <time>2026-08-13T12:01:36Z</time>
        <extensions>
          <gpxtpx:TrackPointExtension>
            <gpxtpx:hr>156</gpxtpx:hr>
          </gpxtpx:TrackPointExtension>
        </extensions>
      </trkpt>
      <trkpt lat="22.51207772324857" lon="113.94800974162284">
        <ele>-1.0</ele>
        <time>2026-08-13T12:01:39Z</time>
        <extensions>
          <gpxtpx:TrackPointExtension>
            <gpxtpx:hr>158</gpxtpx:hr>
          </gpxtpx:TrackPointExtension>
        </extensions>
      </trkpt>
      <trkpt lat="22.51208281611044" lon="113.94796681026718">
        <ele>-1.0</ele>
        <time>2026-08-13T12:01:42Z</time>
        <extensions>
          <gpxtpx:TrackPointExtension>
            <gpxtpx:hr>159</gpxtpx:hr>
          </gpxtpx:TrackPointExtension>
        </extensions>
      </trkpt>
      <trkpt lat="22.512089915342024" lon="113.94792088352048">
        <ele>-1.0</ele>
        <time>2026-08-13T12:01:45Z</time>
        <extensions>
          <gpxtpx:TrackPointExtension>
            <gpxtpx:hr>159</gpxtpx:hr>
          </gpxtpx:TrackPointExtension>
        </extensions>
      </trkpt>
      <trkpt lat="22.512094973531894" lon="113.94789392642413">
        <ele>-1.0</ele>
        <time>2026-08-13T12:01:48Z</time>
        <extensions>
          <gpxtpx:TrackPointExtension>
            <gpxtpx:hr>158</gpxtpx:hr>
          </gpxtpx:TrackPointExtension>
        </extensions>
      </trkpt>
      <trkpt lat="22.51210307693869" lon="113.94784600268693">
        <ele>-1.0</ele>
        <time>2026-08-13T12:01:51Z</time>
        <extensions>
          <gpxtpx:TrackPointExtension>
            <gpxtpx:hr>156</gpxtpx:hr>
          </gpxtpx:TrackPointExtension>
        </extensions>
      </trkpt>
      <trkpt lat="22.512112175930994" lon="113.94780007560763">
        <ele>-1.0</ele>
        <time>2026-08-13T12:01:54Z</time>
        <extensions>
          <gpxtpx:TrackPointExtension>
            <gpxtpx:hr>156</gpxtpx:hr>
          </gpxtpx:TrackPointExtension>
        </extensions>
      </trkpt>
      <trkpt lat="22.51212627042564" lon="113.94775614494331">
        <ele>-1.0</ele>
        <time>2026-08-13T12:01:57Z</time>
        <extensions>
          <gpxtpx:TrackPointExtension>
            <gpxtpx:hr>155</gpxtpx:hr>
          </gpxtpx:TrackPointExtension>
        </extensions>
      </trkpt>
      <trkpt lat="22.512136324038323" lon="113.94773118417714">
        <ele>-1.0</ele>
        <time>2026-08-13T12:02:00Z</time>
        <extensions>
          <gpxtpx:TrackPointExtension>
            <gpxtpx:hr>155</gpxtpx:hr>
          </gpxtpx:TrackPointExtension>
        </extensions>
      </trkpt>
      <trkpt lat="22.512146405608398" lon="113.94769324409725">
        <ele>-1.0</ele>
        <time>2026-08-13T12:02:03Z</time>
        <extensions>
          <gpxtpx:TrackPointExtension>
            <gpxtpx:hr>156</gpxtpx:hr>
          </gpxtpx:TrackPointExtension>
        </extensions>
      </trkpt>
      <trkpt lat="22.51215448717458" lon="113.94765530409036">
        <ele>-1.0</ele>
        <time>2026-08-13T12:02:06Z</time>
        <extensions>
          <gpxtpx:TrackPointExtension>
            <gpxtpx:hr>156</gpxtpx:hr>
          </gpxtpx:TrackPointExtension>
        </extensions>
      </trkpt>
      <trkpt lat="22.512160566587504" lon="113.9476183625664">
        <ele>-1.0</ele>
        <time>2026-08-13T12:02:09Z</time>
        <extensions>
          <gpxtpx:TrackPointExtension>
            <gpxtpx:hr>156</gpxtpx:hr>
          </gpxtpx:TrackPointExtension>
        </extensions>
      </trkpt>
      <trkpt lat="22.512165607304045" lon="113.94759939245344">
        <ele>-1.0</ele>
        <time>2026-08-13T12:02:12Z</time>
        <extensions>
          <gpxtpx:TrackPointExtension>
            <gpxtpx:hr>157</gpxtpx:hr>
          </gpxtpx:TrackPointExtension>
        </extensions>
      </trkpt>
      <trkpt lat="22.512174671542002" lon="113.9475694395462">
        <ele>-1.0</ele>
        <time>2026-08-13T12:02:15Z</time>
        <extensions>
          <gpxtpx:TrackPointExtension>
            <gpxtpx:hr>156</gpxtpx:hr>
          </gpxtpx:TrackPointExtension>
        </extensions>
      </trkpt>
      <trkpt lat="22.51217972725454" lon="113.94754348051008">
        <ele>-1.0</ele>
        <time>2026-08-13T12:02:18Z</time>
        <extensions>
          <gpxtpx:TrackPointExtension>
            <gpxtpx:hr>156</gpxtpx:hr>
          </gpxtpx:TrackPointExtension>
        </extensions>
      </trkpt>
      <trkpt lat="22.512180742258085" lon="113.94753649155642">
        <ele>-1.0</ele>
        <time>2026-08-13T12:02:21Z</time>
        <extensions>
          <gpxtpx:TrackPointExtension>
            <gpxtpx:hr>155</gpxtpx:hr>
          </gpxtpx:TrackPointExtension>
        </extensions>
      </trkpt>
      <trkpt lat="22.512176791712715" lon="113.9475135282998">
        <ele>-1.0</ele>
        <time>2026-08-13T12:02:24Z</time>
        <extensions>
          <gpxtpx:TrackPointExtension>
            <gpxtpx:hr>153</gpxtpx:hr>
          </gpxtpx:TrackPointExtension>
        </extensions>
      </trkpt>
      <trkpt lat="22.512164837044672" lon="113.94749256235922">
        <ele>-1.0</ele>
        <time>2026-08-13T12:02:27Z</time>
        <extensions>
          <gpxtpx:TrackPointExtension>
            <gpxtpx:hr>153</gpxtpx:hr>
          </gpxtpx:TrackPointExtension>
        </extensions>
      </trkpt>
      <trkpt lat="22.512161871430305" lon="113.94747658790945">
        <ele>-1.0</ele>
        <time>2026-08-13T12:02:30Z</time>
        <extensions>
          <gpxtpx:TrackPointExtension>
            <gpxtpx:hr>153</gpxtpx:hr>
          </gpxtpx:TrackPointExtension>
        </extensions>
      </trkpt>
      <trkpt lat="22.512150944577396" lon="113.94744264246474">
        <ele>-1.0</ele>
        <time>2026-08-13T12:02:33Z</time>
        <extensions>
          <gpxtpx:TrackPointExtension>
            <gpxtpx:hr>152</gpxtpx:hr>
          </gpxtpx:TrackPointExtension>
        </extensions>
      </trkpt>
      <trkpt lat="22.512129030790895" lon="113.94740270716555">
        <ele>-1.0</ele>
        <time>2026-08-13T12:02:36Z</time>
        <extensions>
          <gpxtpx:TrackPointExtension>
            <gpxtpx:hr>152</gpxtpx:hr>
          </gpxtpx:TrackPointExtension>
        </extensions>
      </trkpt>
      <trkpt lat="22.512081145372512" lon="113.94734979399507">
        <ele>-1.0</ele>
        <time>2026-08-13T12:02:39Z</time>
        <extensions>
          <gpxtpx:TrackPointExtension>
            <gpxtpx:hr>153</gpxtpx:hr>
          </gpxtpx:TrackPointExtension>
        </extensions>
      </trkpt>
      <trkpt lat="22.512053212343314" lon="113.94731884472878">
        <ele>-1.0</ele>
        <time>2026-08-13T12:02:42Z</time>
        <extensions>
          <gpxtpx:TrackPointExtension>
            <gpxtpx:hr>153</gpxtpx:hr>
          </gpxtpx:TrackPointExtension>
        </extensions>
      </trkpt>
      <trkpt lat="22.512043274588947" lon="113.94728989113204">
        <ele>-1.0</ele>
        <time>2026-08-13T12:02:45Z</time>
        <extensions>
          <gpxtpx:TrackPointExtension>
            <gpxtpx:hr>153</gpxtpx:hr>
          </gpxtpx:TrackPointExtension>
        </extensions>
      </trkpt>
      <trkpt lat="22.512067321061593" lon="113.94726792431469">
        <ele>-1.0</ele>
        <time>2026-08-13T12:02:48Z</time>
        <extensions>
          <gpxtpx:TrackPointExtension>
            <gpxtpx:hr>153</gpxtpx:hr>
          </gpxtpx:TrackPointExtension>
        </extensions>
      </trkpt>
      <trkpt lat="22.512099401509566" lon="113.94722998218589">
        <ele>-1.0</ele>
        <time>2026-08-13T12:02:51Z</time>
        <extensions>
          <gpxtpx:TrackPointExtension>
            <gpxtpx:hr>151</gpxtpx:hr>
          </gpxtpx:TrackPointExtension>
        </extensions>
      </trkpt>
      <trkpt lat="22.512125464967404" lon="113.94720002778894">
        <ele>-1.0</ele>
        <time>2026-08-13T12:02:54Z</time>
        <extensions>
          <gpxtpx:TrackPointExtension>
            <gpxtpx:hr>150</gpxtpx:hr>
          </gpxtpx:TrackPointExtension>
        </extensions>
      </trkpt>
      <trkpt lat="22.512182608730118" lon="113.9471321311536">
        <ele>-1.0</ele>
        <time>2026-08-13T12:02:57Z</time>
        <extensions>
          <gpxtpx:TrackPointExtension>
            <gpxtpx:hr>149</gpxtpx:hr>
          </gpxtpx:TrackPointExtension>
        </extensions>
      </trkpt>
      <trkpt lat="22.512223761219165" lon="113.94706024163459">
        <ele>-1.0</ele>
        <time>2026-08-13T12:03:00Z</time>
        <extensions>
          <gpxtpx:TrackPointExtension>
            <gpxtpx:hr>149</gpxtpx:hr>
          </gpxtpx:TrackPointExtension>
        </extensions>
      </trkpt>
      <trkpt lat="22.512246913944153" lon="113.94698835306038">
        <ele>-1.0</ele>
        <time>2026-08-13T12:03:03Z</time>
        <extensions>
          <gpxtpx:TrackPointExtension>
            <gpxtpx:hr>152</gpxtpx:hr>
          </gpxtpx:TrackPointExtension>
        </extensions>
      </trkpt>
      <trkpt lat="22.51225500094986" lon="113.94694741674682">
        <ele>-1.0</ele>
        <time>2026-08-13T12:03:06Z</time>
        <extensions>
          <gpxtpx:TrackPointExtension>
            <gpxtpx:hr>152</gpxtpx:hr>
          </gpxtpx:TrackPointExtension>
        </extensions>
      </trkpt>
      <trkpt lat="22.51226414522124" lon="113.94687952250409">
        <ele>-1.0</ele>
        <time>2026-08-13T12:03:09Z</time>
        <extensions>
          <gpxtpx:TrackPointExtension>
            <gpxtpx:hr>150</gpxtpx:hr>
          </gpxtpx:TrackPointExtension>
        </extensions>
      </trkpt>
      <trkpt lat="22.512267259770606" lon="113.94682560662642">
        <ele>-1.0</ele>
        <time>2026-08-13T12:03:12Z</time>
        <extensions>
          <gpxtpx:TrackPointExtension>
            <gpxtpx:hr>149</gpxtpx:hr>
          </gpxtpx:TrackPointExtension>
        </extensions>
      </trkpt>
      <trkpt lat="22.512268355185018" lon="113.9467806767395">
        <ele>-1.0</ele>
        <time>2026-08-13T12:03:15Z</time>
        <extensions>
          <gpxtpx:TrackPointExtension>
            <gpxtpx:hr>148</gpxtpx:hr>
          </gpxtpx:TrackPointExtension>
        </extensions>
      </trkpt>
      <trkpt lat="22.51227141022427" lon="113.94675471706127">
        <ele>-1.0</ele>
        <time>2026-08-13T12:03:18Z</time>
        <extensions>
          <gpxtpx:TrackPointExtension>
            <gpxtpx:hr>148</gpxtpx:hr>
          </gpxtpx:TrackPointExtension>
        </extensions>
      </trkpt>
      <trkpt lat="22.512276501197523" lon="113.94671178368898">
        <ele>-1.0</ele>
        <time>2026-08-13T12:03:21Z</time>
        <extensions>
          <gpxtpx:TrackPointExtension>
            <gpxtpx:hr>149</gpxtpx:hr>
          </gpxtpx:TrackPointExtension>
        </extensions>
      </trkpt>
      <trkpt lat="22.512273592292445" lon="113.94666885075323">
        <ele>-1.0</ele>
        <time>2026-08-13T12:03:24Z</time>
        <extensions>
          <gpxtpx:TrackPointExtension>
            <gpxtpx:hr>150</gpxtpx:hr>
          </gpxtpx:TrackPointExtension>
        </extensions>
      </trkpt>
      <trkpt lat="22.512262683508897" lon="113.94662591825397">
        <ele>-1.0</ele>
        <time>2026-08-13T12:03:27Z</time>
        <extensions>
          <gpxtpx:TrackPointExtension>
            <gpxtpx:hr>152</gpxtpx:hr>
          </gpxtpx:TrackPointExtension>
        </extensions>
      </trkpt>
      <trkpt lat="22.512255734412033" lon="113.94660195595293">
        <ele>-1.0</ele>
        <time>2026-08-13T12:03:30Z</time>
        <extensions>
          <gpxtpx:TrackPointExtension>
            <gpxtpx:hr>153</gpxtpx:hr>
          </gpxtpx:TrackPointExtension>
        </extensions>
      </trkpt>
      <trkpt lat="22.512245821278672" lon="113.94656102018108">
        <ele>-1.0</ele>
        <time>2026-08-13T12:03:33Z</time>
        <extensions>
          <gpxtpx:TrackPointExtension>
            <gpxtpx:hr>153</gpxtpx:hr>
          </gpxtpx:TrackPointExtension>
        </extensions>
      </trkpt>
      <trkpt lat="22.512238910126662" lon="113.94651908570468">
        <ele>-1.0</ele>
        <time>2026-08-13T12:03:36Z</time>
        <extensions>
          <gpxtpx:TrackPointExtension>
            <gpxtpx:hr>153</gpxtpx:hr>
          </gpxtpx:TrackPointExtension>
        </extensions>
      </trkpt>
      <trkpt lat="22.51222899898211" lon="113.94647715135146">
        <ele>-1.0</ele>
        <time>2026-08-13T12:03:39Z</time>
        <extensions>
          <gpxtpx:TrackPointExtension>
            <gpxtpx:hr>154</gpxtpx:hr>
          </gpxtpx:TrackPointExtension>
        </extensions>
      </trkpt>
      <trkpt lat="22.512223049735226" lon="113.94645318885203">
        <ele>-1.0</ele>
        <time>2026-08-13T12:03:42Z</time>
        <extensions>
          <gpxtpx:TrackPointExtension>
            <gpxtpx:hr>155</gpxtpx:hr>
          </gpxtpx:TrackPointExtension>
        </extensions>
      </trkpt>
      <trkpt lat="22.51221013645518" lon="113.94641225303907">
        <ele>-1.0</ele>
        <time>2026-08-13T12:03:45Z</time>
        <extensions>
          <gpxtpx:TrackPointExtension>
            <gpxtpx:hr>156</gpxtpx:hr>
          </gpxtpx:TrackPointExtension>
        </extensions>
      </trkpt>
      <trkpt lat="22.51219522737294" lon="113.94636932037528">
        <ele>-1.0</ele>
        <time>2026-08-13T12:03:48Z</time>
        <extensions>
          <gpxtpx:TrackPointExtension>
            <gpxtpx:hr>156</gpxtpx:hr>
          </gpxtpx:TrackPointExtension>
        </extensions>
      </trkpt>
      <trkpt lat="22.512179318248094" lon="113.9463263877047">
        <ele>-1.0</ele>
        <time>2026-08-13T12:03:51Z</time>
        <extensions>
          <gpxtpx:TrackPointExtension>
            <gpxtpx:hr>156</gpxtpx:hr>
          </gpxtpx:TrackPointExtension>
        </extensions>
      </trkpt>
      <trkpt lat="22.51216837109161" lon="113.94630142692492">
        <ele>-1.0</ele>
        <time>2026-08-13T12:03:54Z</time>
        <extensions>
          <gpxtpx:TrackPointExtension>
            <gpxtpx:hr>156</gpxtpx:hr>
          </gpxtpx:TrackPointExtension>
        </extensions>
      </trkpt>
      <trkpt lat="22.512148447243508" lon="113.9462654836236">
        <ele>1.0</ele>
        <time>2026-08-13T12:03:57Z</time>
        <extensions>
          <gpxtpx:TrackPointExtension>
            <gpxtpx:hr>157</gpxtpx:hr>
          </gpxtpx:TrackPointExtension>
        </extensions>
      </trkpt>
      <trkpt lat="22.512127519170917" lon="113.94623153726079">
        <ele>1.0</ele>
        <time>2026-08-13T12:04:00Z</time>
        <extensions>
          <gpxtpx:TrackPointExtension>
            <gpxtpx:hr>158</gpxtpx:hr>
          </gpxtpx:TrackPointExtension>
        </extensions>
      </trkpt>
      <trkpt lat="22.51210759103356" lon="113.9461975907908">
        <ele>1.0</ele>
        <time>2026-08-13T12:04:03Z</time>
        <extensions>
          <gpxtpx:TrackPointExtension>
            <gpxtpx:hr>158</gpxtpx:hr>
          </gpxtpx:TrackPointExtension>
        </extensions>
      </trkpt>
      <trkpt lat="22.512095637488986" lon="113.94617562534494">
        <ele>1.0</ele>
        <time>2026-08-13T12:04:06Z</time>
        <extensions>
          <gpxtpx:TrackPointExtension>
            <gpxtpx:hr>156</gpxtpx:hr>
          </gpxtpx:TrackPointExtension>
        </extensions>
      </trkpt>
      <trkpt lat="22.512079719677274" lon="113.9461366862212">
        <ele>1.0</ele>
        <time>2026-08-13T12:04:09Z</time>
        <extensions>
          <gpxtpx:TrackPointExtension>
            <gpxtpx:hr>155</gpxtpx:hr>
          </gpxtpx:TrackPointExtension>
        </extensions>
      </trkpt>
      <trkpt lat="22.512065797573246" lon="113.94609974384754">
        <ele>1.0</ele>
        <time>2026-08-13T12:04:12Z</time>
        <extensions>
          <gpxtpx:TrackPointExtension>
            <gpxtpx:hr>154</gpxtpx:hr>
          </gpxtpx:TrackPointExtension>
        </extensions>
      </trkpt>
      <trkpt lat="22.512060862644503" lon="113.9460687916632">
        <ele>1.0</ele>
        <time>2026-08-13T12:04:15Z</time>
        <extensions>
          <gpxtpx:TrackPointExtension>
            <gpxtpx:hr>153</gpxtpx:hr>
          </gpxtpx:TrackPointExtension>
        </extensions>
      </trkpt>
      <trkpt lat="22.512054892106615" lon="113.94605481348214">
        <ele>1.0</ele>
        <time>2026-08-13T12:04:18Z</time>
        <extensions>
          <gpxtpx:TrackPointExtension>
            <gpxtpx:hr>152</gpxtpx:hr>
          </gpxtpx:TrackPointExtension>
        </extensions>
      </trkpt>
      <trkpt lat="22.512037953218258" lon="113.94602585894401">
        <ele>1.0</ele>
        <time>2026-08-13T12:04:21Z</time>
        <extensions>
          <gpxtpx:TrackPointExtension>
            <gpxtpx:hr>151</gpxtpx:hr>
          </gpxtpx:TrackPointExtension>
        </extensions>
      </trkpt>
      <trkpt lat="22.51201602069119" lon="113.94599390927674">
        <ele>1.0</ele>
        <time>2026-08-13T12:04:24Z</time>
        <extensions>
          <gpxtpx:TrackPointExtension>
            <gpxtpx:hr>151</gpxtpx:hr>
          </gpxtpx:TrackPointExtension>
        </extensions>
      </trkpt>
      <trkpt lat="22.511990075672326" lon="113.94596795065739">
        <ele>1.0</ele>
        <time>2026-08-13T12:04:27Z</time>
        <extensions>
          <gpxtpx:TrackPointExtension>
            <gpxtpx:hr>151</gpxtpx:hr>
          </gpxtpx:TrackPointExtension>
        </extensions>
      </trkpt>
      <trkpt lat="22.51197310742676" lon="113.94595297464568">
        <ele>1.0</ele>
        <time>2026-08-13T12:04:30Z</time>
        <extensions>
          <gpxtpx:TrackPointExtension>
            <gpxtpx:hr>151</gpxtpx:hr>
          </gpxtpx:TrackPointExtension>
        </extensions>
      </trkpt>
      <trkpt lat="22.511942168752043" lon="113.9459240208806">
        <ele>1.0</ele>
        <time>2026-08-13T12:04:33Z</time>
        <extensions>
          <gpxtpx:TrackPointExtension>
            <gpxtpx:hr>150</gpxtpx:hr>
          </gpxtpx:TrackPointExtension>
        </extensions>
      </trkpt>
      <trkpt lat="22.511914227888816" lon="113.94589606536859">
        <ele>1.0</ele>
        <time>2026-08-13T12:04:36Z</time>
        <extensions>
          <gpxtpx:TrackPointExtension>
            <gpxtpx:hr>150</gpxtpx:hr>
          </gpxtpx:TrackPointExtension>
        </extensions>
      </trkpt>
      <trkpt lat="22.51188328706507" lon="113.94586811001646">
        <ele>1.0</ele>
        <time>2026-08-13T12:04:39Z</time>
        <extensions>
          <gpxtpx:TrackPointExtension>
            <gpxtpx:hr>150</gpxtpx:hr>
          </gpxtpx:TrackPointExtension>
        </extensions>
      </trkpt>
      <trkpt lat="22.511863318831992" lon="113.94585313413731">
        <ele>1.0</ele>
        <time>2026-08-13T12:04:42Z</time>
        <extensions>
          <gpxtpx:TrackPointExtension>
            <gpxtpx:hr>150</gpxtpx:hr>
          </gpxtpx:TrackPointExtension>
        </extensions>
      </trkpt>
      <trkpt lat="22.511825378122484" lon="113.94582517918207">
        <ele>1.0</ele>
        <time>2026-08-13T12:04:45Z</time>
        <extensions>
          <gpxtpx:TrackPointExtension>
            <gpxtpx:hr>151</gpxtpx:hr>
          </gpxtpx:TrackPointExtension>
        </extensions>
      </trkpt>
      <trkpt lat="22.51178543534334" lon="113.94579822280211">
        <ele>1.0</ele>
        <time>2026-08-13T12:04:48Z</time>
        <extensions>
          <gpxtpx:TrackPointExtension>
            <gpxtpx:hr>151</gpxtpx:hr>
          </gpxtpx:TrackPointExtension>
        </extensions>
      </trkpt>
      <trkpt lat="22.511743484244345" lon="113.94577526043938">
        <ele>1.0</ele>
        <time>2026-08-13T12:04:51Z</time>
        <extensions>
          <gpxtpx:TrackPointExtension>
            <gpxtpx:hr>150</gpxtpx:hr>
          </gpxtpx:TrackPointExtension>
        </extensions>
      </trkpt>
      <trkpt lat="22.511719507712773" lon="113.94576427868022">
        <ele>1.0</ele>
        <time>2026-08-13T12:04:54Z</time>
        <extensions>
          <gpxtpx:TrackPointExtension>
            <gpxtpx:hr>150</gpxtpx:hr>
          </gpxtpx:TrackPointExtension>
        </extensions>
      </trkpt>
      <trkpt lat="22.511680552348178" lon="113.94574331305942">
        <ele>1.0</ele>
        <time>2026-08-13T12:04:57Z</time>
        <extensions>
          <gpxtpx:TrackPointExtension>
            <gpxtpx:hr>150</gpxtpx:hr>
          </gpxtpx:TrackPointExtension>
        </extensions>
      </trkpt>
      <trkpt lat="22.511641601130542" lon="113.9457203504585">
        <ele>1.0</ele>
        <time>2026-08-13T12:05:00Z</time>
        <extensions>
          <gpxtpx:TrackPointExtension>
            <gpxtpx:hr>150</gpxtpx:hr>
          </gpxtpx:TrackPointExtension>
        </extensions>
      </trkpt>
      <trkpt lat="22.511604647765495" lon="113.94569838619334">
        <ele>1.0</ele>
        <time>2026-08-13T12:05:03Z</time>
        <extensions>
          <gpxtpx:TrackPointExtension>
            <gpxtpx:hr>150</gpxtpx:hr>
          </gpxtpx:TrackPointExtension>
        </extensions>
      </trkpt>
      <trkpt lat="22.511581673257893" lon="113.94568640585554">
        <ele>1.0</ele>
        <time>2026-08-13T12:05:06Z</time>
        <extensions>
          <gpxtpx:TrackPointExtension>
            <gpxtpx:hr>149</gpxtpx:hr>
          </gpxtpx:TrackPointExtension>
        </extensions>
      </trkpt>
      <trkpt lat="22.51154070122811" lon="113.94567342816752">
        <ele>1.0</ele>
        <time>2026-08-13T12:05:09Z</time>
        <extensions>
          <gpxtpx:TrackPointExtension>
            <gpxtpx:hr>150</gpxtpx:hr>
          </gpxtpx:TrackPointExtension>
        </extensions>
      </trkpt>
      <trkpt lat="22.511500722926954" lon="113.94566344586147">
        <ele>1.0</ele>
        <time>2026-08-13T12:05:12Z</time>
        <extensions>
          <gpxtpx:TrackPointExtension>
            <gpxtpx:hr>150</gpxtpx:hr>
          </gpxtpx:TrackPointExtension>
        </extensions>
      </trkpt>
      <trkpt lat="22.511463748713094" lon="113.94565146639326">
        <ele>1.0</ele>
        <time>2026-08-13T12:05:15Z</time>
        <extensions>
          <gpxtpx:TrackPointExtension>
            <gpxtpx:hr>152</gpxtpx:hr>
          </gpxtpx:TrackPointExtension>
        </extensions>
      </trkpt>
      <trkpt lat="22.511440765862904" lon="113.9456434799726">
        <ele>1.0</ele>
        <time>2026-08-13T12:05:18Z</time>
        <extensions>
          <gpxtpx:TrackPointExtension>
            <gpxtpx:hr>153</gpxtpx:hr>
          </gpxtpx:TrackPointExtension>
        </extensions>
      </trkpt>
      <trkpt lat="22.51140079794138" lon="113.94562850522958">
        <ele>1.0</ele>
        <time>2026-08-13T12:05:21Z</time>
        <extensions>
          <gpxtpx:TrackPointExtension>
            <gpxtpx:hr>152</gpxtpx:hr>
          </gpxtpx:TrackPointExtension>
        </extensions>
      </trkpt>
      <trkpt lat="22.51135783007607" lon="113.94561353066769">
        <ele>1.0</ele>
        <time>2026-08-13T12:05:24Z</time>
        <extensions>
          <gpxtpx:TrackPointExtension>
            <gpxtpx:hr>151</gpxtpx:hr>
          </gpxtpx:TrackPointExtension>
        </extensions>
      </trkpt>
      <trkpt lat="22.51131485596613" lon="113.94560155155602">
        <ele>1.0</ele>
        <time>2026-08-13T12:05:27Z</time>
        <extensions>
          <gpxtpx:TrackPointExtension>
            <gpxtpx:hr>150</gpxtpx:hr>
          </gpxtpx:TrackPointExtension>
        </extensions>
      </trkpt>
      <trkpt lat="22.511288871085352" lon="113.94559456379632">
        <ele>1.0</ele>
        <time>2026-08-13T12:05:30Z</time>
        <extensions>
          <gpxtpx:TrackPointExtension>
            <gpxtpx:hr>150</gpxtpx:hr>
          </gpxtpx:TrackPointExtension>
        </extensions>
      </trkpt>
      <trkpt lat="22.511246894863884" lon="113.94558358309956">
        <ele>1.0</ele>
        <time>2026-08-13T12:05:33Z</time>
        <extensions>
          <gpxtpx:TrackPointExtension>
            <gpxtpx:hr>150</gpxtpx:hr>
          </gpxtpx:TrackPointExtension>
        </extensions>
      </trkpt>
      <trkpt lat="22.511205914459637" lon="113.9455745993095">
        <ele>1.0</ele>
        <time>2026-08-13T12:05:36Z</time>
        <extensions>
          <gpxtpx:TrackPointExtension>
            <gpxtpx:hr>150</gpxtpx:hr>
          </gpxtpx:TrackPointExtension>
        </extensions>
      </trkpt>
      <trkpt lat="22.511161927885315" lon="113.94556861116872">
        <ele>1.0</ele>
        <time>2026-08-13T12:05:39Z</time>
        <extensions>
          <gpxtpx:TrackPointExtension>
            <gpxtpx:hr>150</gpxtpx:hr>
          </gpxtpx:TrackPointExtension>
        </extensions>
      </trkpt>
      <trkpt lat="22.51113493678267" lon="113.94556461892651">
        <ele>1.0</ele>
        <time>2026-08-13T12:05:42Z</time>
        <extensions>
          <gpxtpx:TrackPointExtension>
            <gpxtpx:hr>149</gpxtpx:hr>
          </gpxtpx:TrackPointExtension>
        </extensions>
      </trkpt>
      <trkpt lat="22.511092948081917" lon="113.94555962914475">
        <ele>1.0</ele>
        <time>2026-08-13T12:05:45Z</time>
        <extensions>
          <gpxtpx:TrackPointExtension>
            <gpxtpx:hr>150</gpxtpx:hr>
          </gpxtpx:TrackPointExtension>
        </extensions>
      </trkpt>
    </trkseg>
  </trk>
</gpx>